id,total_seed,total_harvested,survival_rate
3458,566669,444548.02,78.4493275615924
3459,566669,440387.88,77.71518823157787
4036,172250,154350.0,89.60812772133528
4038,350000,405078.83999999997,100.0
4039,210000,219808.62,100.0
4044,215858,187493.3,86.85955581910329
4045,227526,200709.32,88.2137953464659
4046,180854,159487.62,88.1858405122364
4047,233360,217574.22999999998,93.23544309221803
4048,265447,234405.1,88.30580115804662
4181,100000,83582.0,83.582
4233,400000,255000.0,63.74999999999999
4238,223488,16821.09,7.526618878865979
4239,223488,58754.229999999996,26.289657610252004
4241,213316,42468.229999999996,19.908600386281382
4253,168750,132000.0,78.22222222222223
4254,300000,301500.0,100.0
4309,170000,128450.0,75.55882352941177
4313,310536,8824.5,2.8416995130999307
4349,80000,112000.0,100.0
4442,98544,82365.0,83.5819532391622
4444,30000,12825.0,42.75
4446,100000,76058.0,76.058
4489,90000,60000.0,66.66666666666666
4491,90000,52000.0,57.77777777777777
4514,108000,107000.0,99.07407407407408
4515,180000,153000.0,85.0
4551,115200,65270.0,56.657986111111114
4552,12000,12800.0,100.0
4620,175000,66000.0,37.714285714285715
4621,175000,59200.0,33.82857142857143
4622,175000,23750.0,13.571428571428571
4666,65550,81150.0,100.0
4750,43200,45142.85,100.0
4751,43200,47743.200000000004,100.0
4803,168750,86000.0,50.96296296296296
4887,62000,76500.0,100.0
4896,70000,56392.0,80.56
4938,75000,53440.0,71.25333333333333
4946,200000,117273.0,58.636500000000005
4957,15000,11200.0,74.66666666666667
5044,99750,25610.0,25.67418546365915
5045,85500,19000.0,22.22222222222222
5046,66600,6500.0,9.75975975975976
5159,120000,114000.0,95.0
5222,251376,166915.06,66.40055534338998
5223,372000,266956.65,71.76254032258065
5253,124800,111252.04,89.14426282051282
5258,78000,76506.74,98.0855641025641
5435,351750,143317.9,40.744250177683014
5437,393750,165105.09,41.93145142857143
5438,420000,296101.93,70.50045952380952
5439,221250,155198.42,70.14617853107346
5441,442500,247501.38,55.932515254237295
5442,392000,305399.16000000003,77.90794897959185
5487,338000,224506.72,66.42210650887574
5677,150000,78033.0,52.022
5731,100000,79625.0,79.625
5902,70170,59785.04,85.20028502208922
5903,70170,58033.8,82.70457460453186
5918,77000,74744.34,97.07057142857143
5919,77000,33175.03999999999,43.08446753246752
5920,76800,43484.100000000006,56.61992187500001
5921,76800,50380.4,65.59947916666667
6126,200000,26950.559999999998,13.475279999999998
6319,122000,68522.38,56.16588524590165
6431,180000,64500.0,35.833333333333336
6498,300000,113062.5,37.6875
6627,200000,80600.0,40.300000000000004
6628,200000,185010.0,92.50500000000001
6952,60000,72000.0,100.0
7020,90000,37625.0,41.80555555555556
7127,130000,175000.0,100.0
7130,185000,216600.0,100.0
7156,400000,257853.0,64.46325
7157,400000,219438.0,54.859500000000004
7273,75000,44858.83,59.81177333333334
7276,75000,41410.3,55.21373333333334
7277,75000,32432.5,43.24333333333333
7289,75000,28989.0,38.652
7293,75000,45295.0,60.39333333333333
7303,75000,38622.0,51.495999999999995
7394,100000,62500.0,62.5
7605,524394,247090.84,47.11931105237665
7606,756750,134474.13,17.769954410307236
7615,374040,263789.80000000005,70.52448935942681
7616,401280,290205.10000000003,72.31985147527912
7617,424080,252186.9,59.46682229767968
7622,138321,97760.4,70.67646995033292
7876,257040,187116.88,72.79679427326487
7897,100000,99925.0,99.925
7991,320855,433934.67999999993,100.0
7992,400642,558118.4099999999,100.0
7993,402985,487982.23999999993,100.0
7995,13664,14326.38,100.0
7996,11956,11996.73,100.0
7997,56364,51601.55,91.55054644808743
7998,23912,22348.03,93.45947641351621
7999,23912,28709.95,100.0
8000,401809,496235.98,100.0
8004,767750,933447.1699999999,100.0
8005,662300,645356.39,97.44170164577987
8006,277500,327378.1,100.0
8007,655830,623425.5,95.05900919445588
8008,614250,637363.6,100.0
8010,483840,525117.6000000001,100.0
8011,469900,488778.02,100.0
8012,210900,249058.77000000002,100.0
8013,320050,283913.17000000004,88.7090048429933
8014,90720,117918.41999999998,100.0
8092,120000,52625.0,43.854166666666664
8139,200000,18600.0,9.3
8259,597864,469939.80000000005,78.60312713259204
8265,681750,374388.42,54.91579317931793
8266,496200,131007.34,26.40212414349053
8292,100000,102750.0,100.0
8293,100000,23975.0,23.974999999999998
8475,60000,106420.0,100.0
8476,60000,71495.0,100.0
8578,250000,173760.0,69.504
8669,50000,24900.0,49.8
8670,50000,20160.0,40.32
8674,20000,5100.0,25.5
8677,50000,29340.0,58.68
8683,40000,30000.0,75.0
8684,50000,12000.0,24.0
8685,40000,30000.0,75.0
8687,18000,14000.0,77.77777777777779
8688,10000,11480.0,100.0
8716,120000,131000.0,100.0
8914,70000,13800.0,19.714285714285715
8948,40000,30000.0,75.0
8963,20000,18000.0,90.0
8985,320000,189368.6452,59.177701625
8988,20000,24900.0,100.0
9057,120000,93420.0,77.85
9058,75000,75485.0,100.0
9065,50000,53500.0,100.0
9089,15000,15000.0,100.0
9090,312500,258448.58532000004,82.70354730240001
9091,312500,238565.93892000002,76.3411004544
9093,312500,269248.89354,86.1596459328
9094,250000,189446.11616,75.778446464
9095,312500,252482.63115,80.794441968
9096,312500,215789.7636,69.05272435200001
9097,312500,227871.52790000002,72.918888928
9098,312500,251747.4691,80.559190112
9100,250000,204925.06448,81.970025792
9101,312500,228742.71010000003,73.19766723200001
9102,180000,185764.88926,100.0
9103,180000,196916.7199,100.0
9104,247000,228335.76049,92.44362772874494
9105,309475,292795.08165,94.61025338072542
9106,247500,235102.95210000002,94.99109175757576
9112,24000,19800.0,82.5
9399,120000,41325.0,34.4375
9481,25000,33600.0,100.0
9482,25000,30000.0,100.0
9484,10000,10000.0,100.0
9505,30000,18400.0,61.33333333333333
9516,20000,23750.0,100.0
9522,85000,25275.0,29.735294117647058
9545,257400,61963.67800000001,24.07291297591298
9545,257400,61963.67800000001,24.07291297591298
9585,82000,53500.0,65.2439024390244
9590,35000,17200.0,49.142857142857146
9665,40000,17850.0,44.625
9877,125000,109573.0,87.6584
9921,70000,20965.0,29.95
9981,100000,27400.0,27.400000000000002
9984,50000,55936.0,100.0
9987,170000,48400.0,28.47058823529412
9988,80000,15500.0,19.375
9989,60000,33160.0,55.266666666666666
9990,100000,75600.0,75.6
9992,60000,15400.0,25.666666666666664
9993,100000,76288.0,76.288
9994,100000,15810.0,15.809999999999999
9996,40000,26676.0,66.69
9997,130000,108773.99999999999,83.67230769230768
9998,75000,11130.0,14.84
10000,100000,79200.0,79.2
10004,210000,242063.25,100.0
10005,75000,70980.79999999999,94.64106666666665
10006,150000,40000.0,26.666666666666668
10009,100000,126856.0,100.0
10010,100000,126320.0,100.0
10017,42500,30534.9,71.84682352941176
10018,42500,40577.5,95.4764705882353
10019,25000,28561.5,100.0
10022,25000,30980.5,100.0
10023,50000,30000.0,60.0
10025,25000,28500.0,100.0
10026,25000,28500.0,100.0
10027,30000,34500.0,100.0
10028,55000,59359.0,100.0
10029,45000,52458.0,100.0
10030,100000,84745.0,84.745
10031,50000,77999.4,100.0
10041,150000,142034.0,94.68933333333334
10042,180000,208223.0,100.0
10043,120000,143474.0,100.0
10044,110000,117743.0,100.0
10046,40000,30339.0,75.8475
10070,320000,222239.2738,69.4497730625
10071,320000,199817.9964,62.443123875000005
10072,320000,209932.3511,65.60385971875
10089,20000,22500.0,100.0
10090,20000,2550.0,12.75
10091,20000,16250.0,81.25
10166,50000,18000.0,36.0
10169,20000,19000.0,95.0
10175,20000,12000.0,60.0
10191,50000,15833.0,31.666
10195,100000,62173.259999999995,62.17326
10196,90000,64281.25,71.42361111111111
10197,130000,84731.52,65.17809230769231
10198,90000,41353.36,45.94817777777778
10200,90000,15303.6,17.004
10201,60000,49088.1,81.81349999999999
10203,90000,44300.0,49.22222222222222
10241,80000,70122.0,87.6525
10242,80000,76140.0,95.175
10258,40000,19780.2,49.450500000000005
10357,50000,750.0,1.5
10358,150000,183480.0,100.0
10360,100000,55050.0,55.05
10366,80000,113918.0,100.0
10367,120000,135650.0,100.0
10369,75000,115640.7,100.0
10371,67000,255960.0,100.0
10384,70000,19000.0,27.142857142857142
10400,275000,224484.0,81.63054545454546
10408,100000,115500.0,100.0
10414,100000,32250.0,32.25
10535,40000,17415.0,43.5375
10636,64000,11700.0,18.28125
10639,32000,16000.0,50.0
10703,260000,106044.92980000001,40.78651146153847
10704,300000,136630.022,45.543340666666666
10705,230000,102190.60310000001,44.430697
10706,210000,76946.72260000001,36.64129647619048
10710,220000,79332.5579,36.06025359090909
10711,240000,86921.079,36.21711625
10712,220000,79856.2366,36.298289363636364
10713,180000,52105.01969999999,28.94723316666666
10714,250000,66103.9436,26.441577439999996
10718,91334,102148.7,100.0
10719,72314,77000.14,100.0
10737,150000,145124.0,96.74933333333333
10755,110000,50000.0,45.45454545454545
10757,55000,22500.0,40.909090909090914
10759,120000,37851.0,31.5425
10763,100000,124355.0,100.0
10764,20000,18166.0,90.83
10771,375183,264132.5628,70.40099439473538
10772,431181,328033.96300000005,76.07801897578976
10809,86000,37500.0,43.604651162790695
10811,16000,8750.0,54.6875
10857,56400,19500.0,34.57446808510639
10896,50000,14490.0,28.98
10897,20000,12410.0,62.050000000000004
10984,70000,11250.0,16.071428571428573
10985,100000,54000.0,54.0
11017,50000,65312.1,100.0
11042,100000,25340.68,25.34068
11044,110000,49500.0,45.0
11080,188700,33920.0,17.975622681505037
11081,115600,16128.0,13.951557093425606
11109,20000,19400.0,97.0
11149,70000,43750.0,62.5
11159,100000,18676.0,18.676000000000002
11168,70000,68500.0,97.85714285714285
11225,90000,29597.65,32.88627777777778
11304,150000,73700.0,49.13333333333333
11317,30000,26260.0,87.53333333333333
11338,55000,45167.600000000006,82.1229090909091
11339,55000,39462.0,71.74909090909091
11340,25000,26087.0,100.0
11341,25000,23560.0,94.24
11342,100000,54245.0,54.245
11345,172000,50150.0,29.156976744186046
11346,120000,71000.0,59.166666666666664
11347,10000,8400.0,84.0
11351,48000,16500.0,34.375
11352,80000,22484.0,28.105000000000004
11422,20000,22500.0,100.0
11423,40000,10000.0,25.0
11424,100000,58750.0,58.75
11509,90000,20000.0,22.22222222222222
11522,50000,21200.0,42.4
11523,50000,23600.0,47.199999999999996
11524,100000,59790.0,59.79
11544,100000,33720.0,33.72
11545,70000,32005.0,45.721428571428575
11609,134335,92345.04999999999,68.74236051661889
11618,115000,46000.0,40.0
11632,100000,92669.6,92.6696
11637,30000,21650.0,72.16666666666667
11638,90000,60641.7,67.37966666666667
11639,90000,24716.0,27.46222222222222
11642,50000,12480.0,24.959999999999997
11675,150000,101155.0,67.43666666666667
11680,50000,47594.0,95.18799999999999
11683,20000,25000.0,100.0
11741,100000,17040.0,17.04
11773,50000,12705.0,25.41
11774,92000,117047.0,100.0
11775,16070,18324.54,100.0
11777,100000,41800.0,41.8
11789,70000,65700.0,93.85714285714286
11797,100000,54100.0,54.1
11808,150000,163034.0,100.0
11847,50000,15000.0,30.0
11848,50000,16800.0,33.6
11851,50000,16473.0,32.946
11852,100000,45000.0,45.0
11853,50000,17800.0,35.6
11854,85000,50440.0,59.34117647058823
11889,70000,47800.0,68.28571428571428
11922,132000,152493.6284,100.0
11923,299200,355365.6095,100.0
11926,272800,268377.4494,98.37883042521993
11927,299200,368881.67649999994,100.0
11928,310500,280973.94920000003,90.49080489533013
11929,651200,787220.2193,100.0
11930,352000,404632.4748,100.0
11931,183500,146622.3883,79.90320888283378
12021,80000,71470.0,89.3375
12025,200000,119110.0,59.555
12046,100000,41440.0,41.44
12065,436888,429692.50899999996,98.35301244254819
12067,436888,418441.0,95.77763637362436
12072,270240,263109.11,97.36127516281823
12131,120000,33300.0,27.750000000000004
12163,30000,34651.0,100.0
12323,40000,18768.0,46.92
12324,90000,44716.5,49.685
12325,90000,56653.8,62.948666666666675
12332,130000,118427.40000000001,91.098
12336,100000,91270.0,91.27
12341,80000,89148.55,100.0
12343,76000,54150.0,71.25
12347,69000,51051.6,73.98782608695652
12348,69000,32538.4,47.15710144927536
12349,69000,39616.5,57.41521739130435
12350,69000,45725.22,66.2684347826087
12351,600000,188089.94999999998,31.348325
12353,66000,30025.84,45.49369696969697
12354,66000,32181.02,48.759121212121215
12357,66000,32625.64,49.43278787878788
12359,66000,29010.2,43.95484848484848
12361,66000,35975.17,54.50783333333333
12362,66000,56176.44,85.11581818181818
12436,37000,56250.0,100.0
12439,50000,28304.0,56.608000000000004
12453,165000,60373.36,36.58991515151515
12481,85000,71040.0,83.5764705882353
12482,150000,79920.0,53.28000000000001
12484,150000,54788.98,36.52598666666667
12491,150000,61828.009999999995,41.21867333333333
12504,100000,45160.47,45.160470000000004
12505,100000,54576.81,54.576809999999995
12506,100000,49308.24,49.30824
12558,150000,112880.0,75.25333333333334
12572,100000,107515.0,100.0
12576,200000,76000.0,38.0
12592,20000,24800.0,100.0
12595,160000,210800.0,100.0
12596,40000,16000.0,40.0
12597,25000,30420.0,100.0
12639,60000,24600.0,41.0
12705,120000,103023.0,85.85249999999999
12716,50000,22440.0,44.879999999999995
12717,150000,35250.0,23.5
12724,55000,18750.0,34.090909090909086
12725,55000,41340.0,75.16363636363637
12850,347100,322438.8752,92.89509513108615
12851,499500,466698.7529,93.43318376376376
12852,444600,337246.2249,75.85385175438596
12853,63000,65414.34,100.0
12854,450000,368809.97599999997,81.95777244444443
12855,500000,362028.42000000004,72.40568400000001
12856,360000,427862.5016,100.0
12857,72000,33629.8974,46.70819083333333
12858,892244,742238.2212,83.18780750557023
12859,693575,670056.7506,96.60912671304473
12860,634210,629188.2424000001,99.20818694123399
12861,793531,735605.2999999999,92.70025997724095
12862,293340,229926.3495,78.3822013704234
12863,746897,749299.2864999999,100.0
12864,554580,481262.4758,86.77963067546612
12865,484631,410526.0759,84.70900043538279
12866,228969,198284.31509999998,86.59876013783524
12867,339385,310585.7304,91.51427741355688
12868,96866,9613.5599,9.92459676253794
12869,68068,61966.789,91.03659428806488
12937,50000,13600.0,27.200000000000003
12978,50000,25920.0,51.839999999999996
13024,65000,56060.0,86.24615384615385
13112,128000,91174.76,71.23028124999999
13114,211050,227424.95,100.0
13117,250000,49570.0,19.828000000000003
13166,100800,95365.87999999999,94.60900793650792
13198,200000,54363.96,27.18198
13308,423384,320489.3994,75.69709752848478
13414,125000,57539.424,46.0315392
13419,114000,98574.18400000001,86.46858245614037
13420,100000,90511.45999999999,90.51145999999999
13432,92000,91499.0,99.4554347826087
13443,179200,19278.0,10.7578125
13451,184128,49477.97,26.871507864094546
13452,131520,57257.35,43.53508972019465
13582,35100,6400.0,18.233618233618234
13583,109350,20000.0,18.289894833104707
13667,99000,61950.0,62.57575757575757
13710,150000,48086.259999999995,32.05750666666666
13774,300909,202416.2,67.26824388768698
13777,268000,237077.49000000002,88.46175000000001
13791,200000,147689.41999999998,73.84470999999999
13888,150000,72902.4,48.6016
13892,442080,295597.7,66.8652053926891
13913,100000,60578.96,60.57896
14045,156000,202449.294,100.0
14046,156000,264410.5568,100.0
14047,143000,147707.6408,100.0
14071,408273,390600.0,95.67127877670089
14072,408273,373925.58,91.58714389636347
14094,84000,39723.3,47.28964285714286
14095,84000,213146.4,100.0
14096,133000,122617.22,92.1933984962406
14097,133000,114454.43000000001,86.05596240601504
14114,100000,103095.0,100.0
14154,702720,500242.5925,71.18661664674408
14155,414720,320970.461,77.39449773341049
14220,389000,396123.70999999996,100.0
14223,374000,395157.97,100.0
14289,574000,336706.923,58.65974268292683
14324,130000,118698.2,91.30630769230768
14325,130000,121495.562,93.45812461538462
14326,130000,126621.6,97.40123076923078
14327,130000,131201.82,100.0
14328,130000,139840.3,100.0
14329,130000,166148.40000000002,100.0
14344,3000,1940.0,64.66666666666666
14345,3000,1935.0,64.5
14346,11000,5940.0,54.0
14368,206800,182775.0,88.38249516441006
14437,114000,71300.85,62.544605263157905
14438,114000,15728.349999999999,13.796798245614033
14439,114000,24858.75,21.80592105263158
14440,114000,32765.6,28.741754385964914
14506,30000,28037.0,93.45666666666666
14522,252945,167580.0,66.25155666251557
14576,420000,199050.09,47.39287857142857
14577,450000,229176.75,50.92816666666666
14578,447000,151121.0,33.807829977628636
14579,320000,209448.4,65.452625
14580,127000,30620.0,24.11023622047244
14583,426600,260927.8625,61.16452473042663
14585,408825,253994.0,62.12780529566441
14586,408825,171608.0,41.975906561487186
14587,284400,198317.45,69.7318741209564
14604,301842,264206.6342,87.53143505542634
14614,60000,74542.5,100.0
14630,76000,41841.6,55.05473684210526
14679,50000,10850.0,21.7
14691,500000,316800.0,63.36000000000001
14692,330000,260710.0,79.00303030303031
14693,24000,9812.94,40.88725
14821,445625,322924.0,72.46541374474053
14822,465000,348700.0,74.98924731182795
14824,302250,268204.444,88.73596162117452
14875,45000,2487060.0,100.0
14877,150000,93477.1,62.318066666666674
14878,150000,53493.52,35.662346666666664
14972,125000,84452.0,67.5616
15005,109620,104652.0,95.4679802955665
15006,144900,100630.0,69.44789510006902
15007,301050,2.74,0.0009101478159774124
15008,301050,2.74,0.0009101478159774124
15009,228150,2.74,0.001200964277887355
15010,299700,2.8777,0.0009601935268601934
15011,299700,3.9986,0.001334200867534201
15012,149850,3.9986,0.002668401735068402
15013,261900,3.9986,0.0015267659411989309
15014,251100,3.9986,0.0015924332935085624
15015,270900,191973.8,70.86519010705057
15016,262080,199260.0,76.03021978021978
15017,245115,192152.55,78.39281561715929
15060,4769,202.5,4.246173201929126
15060,4769,202.5,4.246173201929126
15067,75900,16410.405,21.621086956521737
15106,50000,53760.0,100.0
15107,50000,48840.0,97.68
15108,50000,18000.0,36.0
15213,1272,128.0,10.062893081761008
15214,1272,237.6,18.679245283018865
15215,1908,144.60000000000002,7.578616352201259
15216,1908,197.0,10.324947589098532
15217,2543,59.0,2.320094376720409
15219,3179,170.39999999999998,5.360176156023906
15221,3815,210.5,5.517693315858454
15288,50000,53924.0,100.0
15289,60000,53844.0,89.74
15300,767792,479704.5,62.47844468293496
15301,39667,38978.936,98.2653994504248
15303,201088,107120.476,53.27044676957352
15304,338194,227495.822,67.26784685712933
15305,681206,454798.7358,66.76375953823073
15306,857147,603385.1100000001,70.39458925948526
15307,382888,222234.769,58.0417168989365
15308,363565,254327.41000000003,69.95376617661216
15309,646763,415522.164,64.24643401060356
15310,761425,452357.00599999994,59.40926630987949
15312,194000,172660.72,89.00037113402061
15316,301324,228861.268,75.95188833282447
15399,194000,103949.67,53.582304123711346
15402,194000,167273.93,86.22367525773195
15404,212000,239847.99,100.0
15405,85000,99034.3,100.0
15406,70000,54468.0,77.81142857142858
15413,680306,414517.10000000003,60.93097811867013
15432,300000,43689.8041,14.563268033333335
15433,300000,62446.899999999994,20.81563333333333
15434,300000,70760.84,23.586946666666666
15435,250000,173709.04,69.483616
15462,113400,64989.0,57.30952380952381
15482,150000,31279.92,20.853279999999998
15483,150000,49244.03,32.82935333333333
15484,150000,31578.75,21.0525
15485,150000,20383.91,13.589273333333333
15486,150000,16454.68,10.969786666666668
15487,180000,47849.1,26.582833333333333
15488,110000,74215.4,67.46854545454545
15490,50000,37965.0,75.92999999999999
15491,194122,31085.577600000004,16.01342331111363
15492,179588,39784.56,22.153239637392254
15493,194122,179552.544,92.49469096753587
15494,286720,152311.3206,53.1219728655134
15495,184676,25683.6008,13.907384175529033
15496,187340,14821.406599999998,7.9115013344720815
15497,190068,47852.523100000006,25.176527926847236
15498,187340,57534.264,30.71114764599125
15499,192764,45446.9964,23.57649581872134
15500,183464,9534.519000000002,5.196942724458205
15502,191416,163864.9375,85.60670868683914
15503,182172,39399.458399999996,21.627614781634936
15504,194122,62266.74,32.0760861726131
15505,183464,118229.9924,64.44315636855187
15507,191425,78639.7059,41.08120982107875
15508,178178,85271.5457,47.85750524756143
15509,197470,65630.5763,33.2357200081025
15510,178178,7385.059299999999,4.144764954146976
15511,213590,56830.882,26.60746383257643
15512,178178,146994.0322,82.49841854774438
15513,197470,28569.780000000002,14.467909049475871
15514,178178,35683.43660000001,20.02684764673529
15515,197470,97940.3888,49.59760409176077
15516,198768,27137.3436,13.652772880946632
15517,137020,19183.819199999998,14.000743833017076
15568,40000,30051.600000000002,75.129
15640,149000,250000.0,100.0
15641,149000,1000000.0,100.0
15660,5000,2836.32,56.7264
15662,15000,13630.42,90.86946666666667
15682,200000,39600.0,19.8
15749,225000,96600.0,42.93333333333334
15750,130000,36900.0,28.384615384615387
15752,170000,123912.5,72.88970588235294
15754,80000,32000.0,40.0
15756,150000,104776.825,69.85121666666666
15757,150000,182171.384,100.0
15758,100000,99250.0,99.25
15762,151000,73020.0,48.35761589403973
15763,150000,52290.0,34.86
15766,200000,80826.0,40.413
15767,155000,212800.0,100.0
15768,140000,56655.47,40.46819285714286
15769,125000,99401.88399999999,79.5215072
15772,75000,9600.0,12.8
15773,200000,122205.79999999999,61.10289999999999
15774,150000,139637.41,93.09160666666668
15775,70000,119951.1504,100.0
15778,150000,127419.5,84.94633333333333
15782,40000,31050.0,77.625
15783,100000,37240.0,37.24
15784,100000,3850.0,3.85
15785,100000,40000.0,40.0
15786,200000,124928.9,62.46444999999999
15787,150000,125050.0,83.36666666666666
15789,75000,26860.0,35.81333333333333
15790,150000,175628.0,100.0
15791,150000,17105.0,11.403333333333334
15802,130000,164049.502,100.0
15803,85000,181200.0,100.0
15804,100000,82402.0,82.402
15805,88000,142360.0,100.0
15809,75000,29960.0,39.94666666666667
15810,180000,38800.0,21.555555555555557
15811,220000,51000.0,23.18181818181818
15813,100000,96623.0,96.623
15814,250000,30000.0,12.0
15819,250000,200000.0,80.0
15832,50000,12000.0,24.0
15835,150000,42783.81,28.522539999999996
15836,175000,103804.70000000001,59.31697142857143
15841,20000,5250.0,26.25
15844,300000,100.0,0.03333333333333333
15853,100000,78400.0,78.4
15868,150000,129854.9,86.56993333333332
15869,175000,18680.0,10.674285714285714
15935,100000,84500.0,84.5
15936,100000,150024.44,100.0
15940,180000,55319.0,30.732777777777777
15941,110000,31050.0,28.22727272727273
15942,75000,7664.0,10.218666666666666
15970,240000,178984.12,74.57671666666667
15977,220000,238996.11,100.0
15980,98700,81770.0,82.84701114488348
15981,98700,24850.0,25.177304964539005
15982,180000,51913.0,28.840555555555557
15983,180000,44168.0,24.537777777777777
16006,150000,75800.0,50.53333333333333
16008,240000,120507.30000000002,50.211375000000004
16038,240000,165220.91999999998,68.84204999999999
16039,240000,180198.545,75.08272708333334
16040,240000,29288.7,12.203625
16041,240000,175263.22,73.02634166666667
16042,240000,119876.41999999998,49.94850833333332
16044,240000,190719.62,79.46650833333334
16045,240000,142380.58,59.32524166666666
16046,193368,137618.5616,71.16925323735053
16047,198528,48479.9473,24.419702661589294
16048,193368,72998.32209999999,37.750983668445656
16049,194392,61938.3276,31.86259084735997
16050,195670,86763.62,44.34181019062707
16051,66176,27618.3358,41.734670877659575
16052,202742,27757.5585,13.691074617000917
16053,182112,177950.5662,97.71490412493411
16054,177684,47304.3998,26.622768397829855
16055,182112,54677.153300000005,30.023915667281674
16056,150348,34403.1577,22.88235141139224
16057,110000,34003.38,30.912163636363633
16058,110000,26962.54,24.5114
16059,500000,220500.0,44.1
16064,100000,10000.0,10.0
16065,150000,207885.5,100.0
16067,50000,50016.0,100.0
16083,50000,1425.0,2.85
16086,100,115817.39,100.0
16089,20000,13912.5,69.5625
16090,20000,225.0,1.125
16091,165000,70818.0,42.92
16092,60000,39670.0,66.11666666666667
16107,250000,176440.16,70.576064
16108,250000,133517.5774,53.40703096
16130,10000,596.0,5.96
16135,10000,3540.0,35.4
16136,20000,5900.0,29.5
16137,25000,486.0,1.944
16138,10000,5670.0,56.699999999999996
16142,147000,75087.0,51.07959183673469
16154,168633,79787.84,47.31448767441722
16155,161356,37138.266,23.01635266119636
16156,172746,39937.2763,23.119074421404836
16157,161356,48230.0202,29.890441136369272
16158,176859,6888.0,3.8946279239394097
16159,169702,16535.415999999997,9.743795594630585
16160,157665,48986.9875,31.070299368915105
16161,161356,21855.142399999997,13.54467289719626
16162,160407,64365.20760000001,40.12618377003498
16163,155792,40180.7252,25.791263479511144
16164,154923,178895.4345,100.0
16165,164138,56400.566399999996,34.361675175766734
16166,160407,25543.9656,15.924470627840432
16167,136318,20767.2048,15.234381959829221
16170,140000,275.0,0.19642857142857145
16215,1377414,1018308.303,73.92899324386131
16216,130000,61220.0,47.09230769230769
16250,400000,192700.0,48.175000000000004
16251,3000,2920.0,97.33333333333334
16252,3000,4034.0,100.0
16253,9000,9874.5,100.0
16267,130000,55000.0,42.30769230769231
16271,175000,19500.0,11.142857142857142
16272,85000,9750.0,11.470588235294118
16275,450000,435000.0,96.66666666666667
16278,600000,413000.0,68.83333333333333
16293,110000,116994.2,100.0
16294,110000,51387.4,46.71581818181818
16298,70000,40000.0,57.14285714285714
16323,250000,127781.0,51.1124
16325,87000,96460.0,100.0
16327,207000,155048.373,74.90259565217391
16328,207000,158954.07280000002,76.78940714975847
16329,207000,150945.3785,72.92047270531401
16330,387000,336572.3478,86.96959891472868
16331,255000,196593.2655,77.09539823529413
16332,246000,207803.5208,84.47297593495935
16333,273000,202594.9485,74.21060384615384
16334,255000,213231.1637,83.62006419607843
16335,207000,193185.37800000003,93.3262695652174
16336,246500,159382.4887,64.65821042596347
16337,245000,226493.69489999997,92.44640608163263
16338,283500,234264.6691,82.63304024691358
16339,246000,168785.3628,68.61193609756097
16340,237000,159262.02529999998,67.19916679324893
16341,264000,287086.4517,100.0
16342,264000,162421.0777,61.52313549242424
16343,264000,187093.0828,70.86859196969696
16344,184800,142123.35350000003,76.90657656926409
16345,204600,170125.0073,83.15005244379276
16347,297000,317939.794,100.0
16348,283800,278467.3556,98.12098505990134
16349,264000,63316.2468,23.98342681818182
16350,231000,239815.26550000004,100.0
16351,244200,162441.5828,66.51989467649467
16352,342000,185190.5957,54.149296988304094
16354,342000,241577.5554,70.63671210526317
16356,243200,149892.64,61.63348684210527
16358,357200,233876.4905,65.4749413493841
16360,235600,200376.6972,85.04953191850593
16361,336600,280889.5824,83.44907379679145
16363,336600,303293.1876,90.10492798573975
16365,310200,359223.5235,100.0
16372,30000,32706.03,100.0
16374,30000,33871.3,100.0
16384,50000,59250.0,100.0
16394,562600,434246.79000000004,77.18570742979026
16398,40000,21100.0,52.75
16415,90000,7200.0,8.0
16424,100000,14800.0,14.799999999999999
16428,125000,20275.2,16.22016
16429,125000,15276.0,12.2208
16465,12000,5100.0,42.5
16469,220000,26800.0,12.181818181818182
16483,60000,30000.0,50.0
16485,240000,134138.6,55.891083333333334
16486,240000,244508.19,100.0
16487,240000,51174.96,21.3229
16488,240000,176694.9,73.622875
16489,240000,83498.48,34.79103333333333
16497,240000,147807.55,61.58647916666666
16498,240000,160756.37,66.98182083333333
16499,240000,136786.33000000002,56.99430416666667
16500,240000,29442.82,12.267841666666666
16501,240000,176751.22,73.64634166666667
16502,240000,179816.84999999998,74.92368749999999
16503,270000,89337.06,33.0878
16509,300000,288800.0,96.26666666666667
16512,250000,59136.485,23.654594
16513,200000,90448.35,45.224175
16525,70000,57134.0,81.62
16563,100000,38060.43,38.060430000000004
16573,150000,24300.0,16.2
16575,110000,104474.3,94.97663636363637
16588,150000,113250.0,75.5
16611,450000,170000.0,37.77777777777778
16616,80000,37087.5,46.359375
16624,34000,41685.119999999995,100.0
16625,340000,72763.16,21.400929411764707
16626,210000,169500.0,80.71428571428572
16636,330000,106688.0,32.32969696969697
16637,350000,67830.475,19.380135714285714
16655,100000,90776.0,90.776
16661,430000,507650.0,100.0
16666,170000,131700.0,77.47058823529412
16675,250000,183600.0,73.44000000000001
16708,175000,193778.29420000003,100.0
16709,175000,197019.144,100.0
16711,175000,192030.69939999998,100.0
16712,175000,197908.00280000002,100.0
16755,125000,58880.0,47.104
16776,208000,69725.0,33.52163461538461
16799,100000,41000.0,41.0
16800,75000,28600.0,38.13333333333333
16801,100000,98833.18,98.83318
16802,100000,100258.5,100.0
16803,100000,7723.38,7.723380000000001
16810,25000,483.0,1.932
16811,200000,75303.75,37.651875000000004
16842,136466,111440.0,81.66136620110504
16845,50000,46590.0,93.17999999999999
16880,130000,45000.0,34.61538461538461
16910,11000,25500.37,100.0
16922,347500,267691.0,77.03338129496403
16938,320000,251177.0,78.4928125
16940,342500,233560.0,68.192700729927
16941,342500,240924.0,70.34277372262774
16942,347500,236115.0,67.94676258992806
16947,125000,116128.0,92.9024
16952,179220,161160.0,89.92299966521593
16958,380000,108527.42,28.559847368421053
16961,275000,72706.68,26.438792727272727
17031,15000,405.0,2.7
17032,35100,53034.0,100.0
17033,94900,88535.0,93.29293993677555
17034,500000,190930.5,38.1861
17042,80000,47451.0,59.31375
17043,150000,23821.0,15.880666666666668
17044,691488,96667.0708,13.979573152390207
17050,446752,128004.72240000001,28.652299799441305
17063,1037458,52737.9688,5.083383500826058
17065,1145064,279348.4914,24.395884544444677
17076,319000,234988.0,73.66394984326018
17112,200000,9800.0,4.9
17117,170000,92400.0,54.352941176470594
17125,188000,27930.0,14.856382978723403
17126,180000,48600.0,27.0
17162,37190,26866.5,72.24119386931972
17186,84000,17485.199999999997,20.815714285714282
17187,84000,16893.0,20.110714285714284
17188,132000,47159.6,35.7269696969697
17189,132000,31117.5,23.573863636363637
17191,125000,135156.0,100.0
17192,125000,160954.0,100.0
17193,125000,82689.0,66.1512
17194,125000,129705.5,100.0
17201,200000,10180.75,5.090375
17218,50000,33000.0,66.0
17225,150000,156950.0,100.0
17233,400000,212911.74,53.227934999999995
17263,30000,7920.0,26.400000000000002
17266,110000,77673.87,70.61260909090909
17269,150000,62000.0,41.333333333333336
17277,9000,11141.599999999999,100.0
17278,11,3127.0,100.0
17306,150000,18232654.9,100.0
17307,160000,26980.0,16.8625
17325,99985,21230.86,21.23404510676602
17327,103740,600.0,0.578368999421631
17329,103720,600.0,0.5784805244890089
17330,107445,44736.009999999995,41.63619526269254
17339,500000,95346.1,19.06922
17364,180000,14708.07,8.171149999999999
17375,70000,15000.0,21.428571428571427
17377,100000,108862.79999999999,100.0
17378,170000,46400.0,27.294117647058826
17384,627000,267206.15,42.616610845295064
17385,417000,381442.1,91.47292565947241
17386,17000,15630.6,91.94470588235293
17388,750400,469462.58999999997,62.56164578891258
17401,400000,191375.47,47.843867499999995
17402,400000,356677.56,89.16939
17403,250000,121232.99,48.493196
17404,200000,200010.29,100.0
17405,200000,244789.54,100.0
17436,96000,28162.0,29.33541666666667
17437,96000,28086.6,29.256874999999997
17438,96000,31072.3,32.36697916666667
17439,96000,30174.2,31.431458333333335
17449,380000,463341.14,100.0
17450,380260,270870.92,71.2330826276758
17451,380260,369987.342,97.29851733024772
17452,276000,364783.968,100.0
17453,276000,267340.5,96.8625
17456,150000,200000.0,100.0
17468,125000,20000.0,16.0
17475,150000,55900.0,37.266666666666666
17532,300000,136189.9,45.396633333333334
17537,100000,17510.0,17.51
17563,300000,90350.0,30.11666666666667
17574,280000,321244.83999999997,100.0
17575,233869,233459.5,99.8249019750373
17581,400000,294000.0,73.5
17589,86342,86232.0,99.87259966181001
17609,400000,372792.24000000005,93.19806000000001
17624,102609,81967.85999999999,79.8836944127708
17625,81561,55572.299999999996,68.13587376319565
17626,84192,39581.87,47.01381366400608
17627,110502,69099.28000000001,62.53215326419432
17628,300000,14594.829999999998,4.864943333333333
17631,300000,73224.8,24.408266666666666
17632,300000,121491.40000000001,40.49713333333334
17633,300000,97573.2,32.5244
17634,300000,112216.09999999999,37.40536666666666
17636,300000,146170.0,48.723333333333336
17637,300000,59388.00000000001,19.796000000000003
17638,300000,53865.0,17.955
17639,250000,162135.6,64.85424
17640,250000,44870.4,17.94816
17686,150000,133997.82,89.33188000000001
17687,150000,8000.0,5.333333333333334
17693,250000,160523.30000000002,64.20932
17696,250000,176167.5,70.467
17704,25000,39438.5,100.0
17706,100000,96397.0,96.397
17717,235000,267006.72,100.0
17718,235000,352663.2,100.0
17719,235000,173958.82,74.02502978723405
17720,400000,385052.94,96.26323500000001
17721,250000,329384.5,100.0
17726,317200,263542.84380000003,83.08412477931904
17727,408400,417013.6657,100.0
17728,449240,454766.20580000005,100.0
17729,347140,290310.858,83.62933052946939
17730,387980,347510.06639999995,89.56906706531264
17732,198250,188196.07309999998,94.92866234552332
17733,326720,319811.6121,97.88553259671892
17734,376675,310375.78160000005,82.39882699940269
17735,158600,149231.8114,94.09319760403531
17736,277550,228295.3294,82.25376667267159
17738,356850,349258.15080000006,97.87253770491805
17739,178425,167550.4618,93.905260921956
17740,348646,321343.6024,92.16902026697566
17741,307975,238093.67930000002,77.30941774494684
17742,289302,250549.309,86.60476215166159
17743,168275,117729.48259999999,69.96255094339622
17744,326392,257170.6177,78.79194885291307
17745,326392,331555.8415,100.0
17746,296720,217560.6103,73.32185572256674
17747,281884,215246.5333,76.35996839125315
17749,318974,272513.285,85.43432536821182
17750,300000,185699.0,61.89966666666666
17751,337456,295452.63320000004,87.55293525674459
17752,330120,358783.9448,100.0
17753,322784,279761.17590000003,86.6713269245068
17766,330000,250000.0,75.75757575757575
17814,60000,20752.64,34.58773333333333
17828,4000,3512.5,87.8125
17831,100000,45700.0,45.7
17832,66000,34500.0,52.27272727272727
17833,110000,36625.0,33.29545454545455
17834,40000,12000.0,30.0
17835,70000,30000.0,42.857142857142854
17841,30000,30132.0,100.0
17857,100000,25625.0,25.624999999999996
17860,100000,95574.0,95.574
17874,139000,62400.0,44.89208633093525
17875,74000,27650.0,37.36486486486486
17879,179200,130952.6,73.07622767857144
17880,252672,191819.35,75.91634609295846
17881,564480,396371.94999999995,70.21895372732425
17882,431872,287853.9,66.65259613959692
17883,550144,349499.0,63.52863977431363
17884,564480,375179.4,66.46460459183675
17885,267008,177329.6,66.41359060402685
17887,300000,320000.0,100.0
17941,180000,230000.0,100.0
17945,25000,2112.0,8.448
17946,100000,95400.0,95.39999999999999
18025,260000,275568.0,100.0
18027,80000,81430.0,100.0
18028,125000,145526.9,100.0
18029,125000,109636.0,87.7088
18036,200000,141754.0,70.877
18055,536922,325851.5,60.6887965104801
18056,538569,339472.0,63.03222056969487
18057,512217,306154.7,59.77050742165918
18058,484218,164745.9,34.023084643693544
18059,444690,242360.2,54.50093323438801
18103,135000,37500.0,27.77777777777778
18108,135000,6000.0,4.444444444444445
18127,116312,26224.52,22.546701974000964
18128,123816,23730.0,19.165535956580733
18129,123816,27179.59,21.951597531821413
18130,116312,28508.48,24.51035146846413
18132,112560,2578.6599999999994,2.2909203980099497
18133,112560,34855.8,30.966417910447763
18134,116312,33795.79000000001,29.056150698122295
18140,150000,50440.560000000005,33.62704
18142,175000,37108.365,21.20478
18148,500000,225000.0,45.0
18149,300000,412000.0,100.0
18166,250000,345600.0,100.0
18223,150000,76500.0,51.0
18224,200000,99000.0,49.5
18230,223520,126653.7675,56.66328180923408
18231,177800,136246.989,76.62935264341957
18232,228600,162281.02,70.989072615923
18233,262890,156184.28600000002,59.41050857773214
18234,273050,171059.277,62.64760190441311
18235,177800,138833.64500000002,78.08416479190102
18237,80000,26000.0,32.5
18238,80000,25760.0,32.2
18241,176800,46760.0,26.44796380090498
18248,50000,6720.0,13.44
18249,70000,6880.0,9.828571428571427
18253,250000,47400.0,18.96
18269,300000,342300.0,100.0
18277,290400,184870.4409,63.6606201446281
18292,20000,3920.0,19.6
18293,20000,3920.0,19.6
18324,125000,24860.0,19.888
18325,125000,107451.7,85.96136
18326,100000,36273.3,36.273300000000006
18327,200000,220000.0,100.0
18337,30000,670.0,2.2333333333333334
18359,110000,102747.0,93.40636363636364
18360,15000,9750.0,65.0
18361,180000,191365.4,100.0
18362,100,46085.0,100.0
18363,100,54465.0,100.0
18367,250000,145800.0,58.32000000000001
18370,350000,340585.0,97.31
18395,250000,57200.0,22.88
18396,500000,357000.0,71.39999999999999
18403,200000,166402.0,83.20100000000001
18404,135000,7800.0,5.777777777777778
18405,135000,29600.0,21.925925925925927
18407,135000,9750.0,7.222222222222221
18424,200000,165600.0,82.8
18427,80000,54250.0,67.8125
18431,500000,225000.0,45.0
18446,400000,216000.0,54.0
18447,250000,159000.0,63.6
18465,180000,57600.0,32.0
18466,180000,49500.0,27.500000000000004
18467,147000,20700.0,14.081632653061224
18468,250000,53400.0,21.36
18473,150000,135720.0,90.48
18483,257040,155826.9,60.62359943977591
18484,245700,179806.5,73.18131868131869
18488,276150,166727.8,60.37581024805358
18492,20000,1500.0,7.5
18513,100000,107100.0,100.0
18514,20000,9000.0,45.0
18515,15000,9500.0,63.33333333333333
18516,343320,7106.1,2.0698182453687526
18518,411984,265137.9,64.3563584993592
18521,343320,206621.34999999998,60.183312944192004
18523,300000,84353.59999999999,28.117866666666664
18535,250000,113434.5,45.373799999999996
18536,300000,114379.2,38.1264
18537,250000,76683.59999999999,30.673439999999996
18538,300000,72988.2,24.3294
18541,22800,1150.0,5.0438596491228065
18542,27600,1380.0,5.0
18543,27800,5000.0,17.985611510791365
18544,10000,1950.0,19.5
18545,25000,13000.0,52.0
18560,20000,3000.0,15.0
18590,250000,174900.0,69.96
18591,300000,137221.19999999998,45.740399999999994
18600,23000,900.0,3.91304347826087
18603,288000,209052.15,72.58755208333334
18604,288000,220954.28,76.7202361111111
18606,265950,304439.2146,100.0
18607,290400,181976.382,62.66404338842976
18608,265950,215788.66799999998,81.13881105470952
18609,290400,164830.5203,56.7598210399449
18610,212760,236979.4713,100.0
18611,230490,254817.6104,100.0
18613,212760,239322.77200000003,100.0
18614,290400,172205.786,59.29951308539945
18615,230490,3250.7763,1.4103762853052193
18616,244200,147663.1371,60.468115110565115
18620,130000,152722.63400000002,100.0
18621,100000,108862.79999999999,100.0
18626,7000,3531.075,50.443928571428565
18627,175000,52500.0,30.0
18631,131000,5720.0,4.366412213740458
18633,223000,37242.0,16.70044843049327
18635,223000,130118.23,58.348982062780266
18637,223000,109016.16,48.88617040358745
18669,366854,246345.881,67.15093225097722
18670,364943,292650.0,80.19060510819497
18671,412711,347854.482,84.28524609230188
18672,363033,262648.086,72.34826751287073
18673,364943,297041.01999999996,81.39381218436851
18674,291195,295252.99000000005,100.0
18675,139773,157738.68,100.0
18676,187248,170761.86,91.19555883106895
18677,236833,218756.072,92.36722585112716
18678,407673,384591.53099999996,94.33823947134098
18679,100000,22500.0,22.5
18680,80000,7500.0,9.375
18726,457488,418540.282,91.48661429370826
18732,436320,421935.125,96.70313645947928
18733,436320,413281.971,94.71992367986799
18734,468640,424815.146,90.64850332878116
18735,509040,447410.5,87.89299465660851
18736,500960,461643.931,92.15185463909293
18737,492936,493118.59700000007,100.0
18739,379400,604996.0,100.0
18740,448020,464760.1919999999,100.0
18741,451950,458093.332,100.0
18742,451950,454714.19299999997,100.0
18743,492936,457790.901,92.87025110764885
18744,458480,456345.628,99.5344678066655
18745,458480,438605.157,95.66505779968591
18746,450072,881795.376,100.0
18747,492936,384800.844,78.06304347826087
18748,383358,360108.42600000004,93.9352839904215
18749,332526,316657.202,95.22780233726084
18750,125240,116611.76699999999,93.1106411689556
18751,509040,478221.13300000003,93.94568855099796
18753,90000,66000.0,73.33333333333333
18754,100000,33105.9,33.1059
18755,200000,50955.0,25.4775
18759,200000,72365.0,36.1825
18760,50000,30605.08,61.21016
18761,90000,54000.0,60.0
18776,250000,169622.69999999998,67.84908
18789,540000,249000.0,46.111111111111114
18803,50000,119600.0,100.0
18817,300000,123446.4,41.148799999999994
18819,111000,77000.0,69.36936936936937
18820,111000,64000.0,57.65765765765766
18827,600000,2028000.0,100.0
18828,181594,51625.0,28.428802713746048
18829,175000,79800.0,45.6
18831,270000,156865.0,58.09814814814814
18832,270000,190165.7,70.43174074074075
18833,270000,139202.19,51.55636666666666
18834,190000,114948.81,60.499373684210525
18872,130000,20520.0,15.784615384615385
18876,331920,155846.5,46.95303085080742
18877,340200,186433.8,54.80123456790123
18901,325080,332656.0,100.0
18902,379260,181441.4,47.84090070136582
18911,540000,172800.0,32.0
18912,220000,112800.0,51.272727272727266
18918,865150,857449.22,99.10989077038663
18919,423695,389515.56,91.93300841407144
18920,285260,254648.38,89.26887050410153
18921,557700,446864.12,80.12625425856194
18922,432085,396837.39,91.84243609474989
18923,436280,404623.42,92.74397634546621
18924,401944,292850.16,72.85844794299703
18925,436280,396333.01,90.84372650591364
18937,300000,60000.0,20.0
18952,400000,324000.0,81.0
18958,300000,106937.4,35.6458
18975,300000,49528.0,16.509333333333334
18976,360000,152770.9,42.43636111111111
18989,300000,74431.9,24.81063333333333
18996,130000,8750.0,6.730769230769231
19044,300000,93479.4,31.159799999999997
19047,228000,198807.55000000002,87.19629385964913
19049,528000,320758.39999999997,60.74969696969696
19050,387200,268528.664,69.35141115702478
19061,281600,189878.06939999998,67.4282916903409
19062,281600,234317.72139999998,83.20941811079545
19063,281600,49059.210300000006,17.421594566761367
19064,281600,234796.4413,83.3794180752841
19065,315000,266458.2953,84.58993501587302
19066,315000,12829.828000000001,4.0729612698412705
19067,281600,296301.2308,100.0
19068,281600,249627.36310000002,88.64608064630683
19069,281600,180918.4075,64.24659357244317
19070,315000,322114.1737,100.0
19072,315000,322012.24720000004,100.0
19077,145000,5363.4,3.6988965517241374
19078,145000,8488.474400000001,5.854120275862069
19088,237,179100.0,100.0
19090,97000,121500.0,100.0
19092,120000,121500.0,100.0
19097,392312,369570.0,94.20308326026225
19098,300000,108773.0,36.257666666666665
19124,35000,15375.0,43.92857142857143
19131,300000,95311.99999999999,31.770666666666664
19169,300000,104668.6,34.88953333333333
19214,300000,134014.4,44.67146666666667
19222,200000,112542.40000000001,56.2712
19238,210000,122247.25839999999,58.21298019047618
19239,210000,126071.04089999998,60.033829
19247,270000,198626.6922,73.56544155555555
19252,300000,178010.8205,59.336940166666665
19253,300000,192538.87410000002,64.1796247
19261,59400,53184.0,89.53535353535354
19294,312047,282079.876,90.39659923024416
19296,312016,299227.864,95.90144864365931
19297,312047,287930.298,92.2714520569017
19298,312047,280473.794,89.88190689223097
19299,288043,288867.672,100.0
19300,285670,297757.81,100.0
19301,283098,300381.806,100.0
19302,285670,331329.45,100.0
19303,283096,307198.2,100.0
19304,285670,297891.04,100.0
19305,325728,344577.292,100.0
19306,326192,306094.31999999995,93.83869622798841
19307,326192,340399.784,100.0
19308,326099,345431.272,100.0
19309,326192,347881.39400000003,100.0
19310,300222,257274.03,85.69459599896076
19311,312047,268878.673,86.16608171204979
19312,311922,274896.974,88.1300369964286
19313,312076,297683.226,95.38805483279714
19314,283052,318992.44,100.0
19315,285714,325083.22,100.0
19316,283096,342577.44999999995,100.0
19317,283096,305497.55,100.0
19318,341372,260172.82,76.21387225665843
19319,283098,374605.816,100.0
19320,326192,347774.07999999996,100.0
19321,326192,383623.98,100.0
19322,326192,347099.508,100.0
19323,326192,329700.108,100.0
19324,326192,337026.26399999997,100.0
19366,333200,318662.7132,95.637068787515
19367,333400,329240.2323,98.75231922615477
19368,365310,3522.2816000000003,0.9641897566450413
19369,365310,220182.04119999998,60.27265642878651
19370,365310,244785.87209999998,67.007711833785
19372,333400,340611.2085,100.0
19373,349500,300592.67,86.00648640915594
19375,204180,176223.21,86.30777255362915
19433,250000,171644.00000000003,68.6576
19471,200000,183018.0,91.509
19483,200000,187839.0,93.9195
19484,200000,194477.68000000002,97.23884000000001
19492,60000,53572.0,89.28666666666668
19508,50000,4540.0,9.08
19518,200000,231957.46,100.0
19519,300000,33202.0,11.067333333333334
19529,160000,161257.9866,100.0
19530,160000,138889.048,86.805655
19534,160000,162527.6741,100.0
19555,200000,201140.02,100.0
19584,285480,153343.654,53.714324646209896
19600,250000,970.49,0.388196
19614,400000,811983.2224,100.0
19615,400000,822034.732,100.0
19629,50000,41650.0,83.3
19630,70000,64964.0,92.80571428571427
19637,224000,196080.0,87.53571428571428
19640,335200,441747.2,100.0
19653,300000,132301.4,44.10046666666666
19654,500000,429400.0,85.88
19665,300000,250000.0,83.33333333333334
19669,118000,65942.25,55.88326271186441
19670,118000,41406.23,35.09002542372882
19671,192000,87953.72,45.80922916666667
19672,192000,109430.0,56.994791666666664
19676,300000,361200.0,100.0
19680,364800,194831.76,53.407828947368415
19681,374400,435438.11,100.0
19682,352000,414279.7,100.0
19683,352000,424931.51,100.0
19684,352000,459059.16000000003,100.0
19685,400200,295973.95,73.9565092453773
19686,400200,373283.772,93.27430584707646
19687,400200,362579.27999999997,90.59952023988005
19688,308200,287397.36,93.25027903958468
19689,475000,315314.01,66.38189684210528
19690,222080,130196.0,58.6257204610951
19691,372000,291794.105,78.4392755376344
19692,475000,359214.45999999996,75.62409684210526
19693,577000,391429.45000000007,67.83872616984404
19696,375000,342284.08999999997,91.27575733333333
19697,375000,331714.17,88.457112
19700,60000,43055.43,71.75905
19755,300000,150206.4,50.0688
19777,325000,434465.0,100.0
19778,325000,414250.0,100.0
19779,326000,372294.0,100.0
19780,237000,249960.0,100.0
19781,237000,245700.0,100.0
19803,250000,144377.80000000002,57.751120000000014
19808,160000,158524.5717,99.0778573125
19822,60,16839.2,100.0
19824,10,6281.5,100.0
19855,350000,113201.5,32.34328571428571
19869,45000,48473.0,100.0
19871,180000,52032.25,28.906805555555554
19872,180000,49286.72,27.381511111111113
19873,180000,56223.15,31.235083333333336
19874,180000,65243.9,36.24661111111111
19940,150000,126017.7,84.01180000000001
19941,125000,78548.01,62.838408
19942,125000,69734.55,55.78764
19957,330000,90000.0,27.27272727272727
19958,400000,240000.0,60.0
20024,300000,90468.0,30.156
20026,321840,271945.739,84.49718462590107
20027,321840,169565.45,52.68625714640815
20075,300000,91430.4,30.476799999999997
20076,180000,507200.0,100.0
20124,115000,107065.97,93.10084347826087
20124,115000,107065.97,93.10084347826087
20124,115000,107065.97,93.10084347826087
20124,115000,107065.97,93.10084347826087
20136,60000,13525.0,22.541666666666664
20149,131820,109850.0,83.33333333333334
20150,240000,140197.27250000002,58.415530208333344
20151,240000,133243.58719999998,55.518161333333325
20152,240000,132016.2048,55.006752000000006
20164,300000,113704.3,37.90143333333334
20184,60000,33314.0,55.52333333333333
20189,115000,169434.69999999998,100.0
20189,115000,169434.69999999998,100.0
20189,115000,169434.69999999998,100.0
20189,115000,169434.69999999998,100.0
20190,115000,174761.15,100.0
20190,115000,174761.15,100.0
20190,115000,174761.15,100.0
20190,115000,174761.15,100.0
20197,12600,4320.0,34.285714285714285
20216,300000,114626.4,38.2088
20246,300000,123400.8,41.1336
20259,300000,115566.00000000001,38.522000000000006
20269,350000,300000.0,85.71428571428571
20288,274360,230604.0,84.05161102201487
20293,310440,273298.0,88.03569127689731
20294,300000,143810.24000000002,47.93674666666667
20343,300000,46060.3,15.353433333333335
20380,264615,220076.0,83.16837669822195
20384,294252,228018.0,77.49072223808164
20390,200000,168537.6,84.2688
20401,200000,177092.5,88.54625
20404,169600,158795.0,93.62912735849058
20405,144000,147525.0,100.0
20407,298410,182684.2925,61.21922606481016
20408,235480,145437.3145,61.76206662986241
20409,365400,219201.86,59.98956212370005
20410,235480,141037.523,59.89363130626805
20429,200000,165036.9,82.51845
20438,200000,161688.0,80.84400000000001
20510,200000,149555.69999999998,74.77784999999999
20521,200000,115124.1,57.56205
20526,200000,28579.800000000003,14.289900000000003
20529,3000,2786.8,92.89333333333335
20530,3000,2883.55,96.11833333333334
20531,9000,9410.6,100.0
20550,180000,147393.0,81.88499999999999
20585,120000,107024.14,89.18678333333332
20586,130000,95382.92,73.37147692307691
20600,150000,140592.59999999998,93.7284
20610,240000,127057.0588,52.940441166666666
20614,240000,196230.996,81.762915
20615,240000,158040.5255,65.85021895833333
20616,240000,153688.43020000003,64.03684591666668
20617,240000,58226.9,24.261208333333332
20618,240000,44104.0,18.376666666666665
20640,60000,48428.72,80.71453333333334
20641,60000,44568.51,74.28085
20658,325000,266517.7,82.00544615384617
20659,325000,297164.22,91.43514461538462
20660,325000,277064.1,85.2504923076923
20661,325000,303909.10000000003,93.51049230769232
20662,325000,315258.82,97.00271384615384
20663,325000,193980.59,59.68633538461538
20664,325000,291245.91,89.61412615384614
20665,325000,269733.04,82.99478153846154
20666,325000,208377.52,64.11616
20667,325000,294254.34,90.53979692307693
20668,325000,226205.85,69.6018
20669,325000,287846.78,88.56824
20671,325000,225249.12,69.30742153846154
20672,325000,281113.57,86.49648307692308
20714,80000,86955.0,100.0
20739,50000,39420.0,78.84
20741,35000,17500.0,50.0
20742,100000,89950.0,89.95
20750,150000,82200.0,54.800000000000004
20751,120000,93750.0,78.125
20752,120000,92000.0,76.66666666666667
20753,25000,48750.0,100.0
20754,30000,4800.0,16.0
20756,100000,12540.0,12.540000000000001
20758,75000,11310.0,15.079999999999998
20759,23800,7502.0,31.521008403361346
20762,500000,42500.0,8.5
20763,50000,53600.0,100.0
20764,125000,125500.0,100.0
20765,100000,79600.0,79.60000000000001
20770,120000,39260.0,32.71666666666667
20771,33000,47190.0,100.0
20798,33000,41310.0,100.0
20800,90000,111500.0,100.0
20818,180000,137598.6,76.44366666666667
20834,100000,38500.0,38.5
20835,75000,7500.0,10.0
20836,225000,215340.0,95.70666666666666
20837,225000,184310.0,81.91555555555556
20841,100000,115250.0,100.0
20845,40000,27200.0,68.0
20846,282000,212528.80000000002,75.36482269503547
20847,282000,157858.41999999998,55.97816312056737
20848,588000,277770.5,47.23988095238095
20849,384000,289554.65,75.40485677083333
20850,40000,73005.0,100.0
20857,180000,144992.0,80.55111111111111
20886,50000,18750.0,37.5
20887,50000,65135.0,100.0
20890,50000,52250.0,100.0
20892,50000,33000.0,66.0
20898,100000,20000.0,20.0
20936,223000,83028.0,37.23228699551569
20940,57600,60450.0,100.0
20941,72000,45000.0,62.5
20943,75000,18000.0,24.0
20944,75000,42500.0,56.666666666666664
20948,60000,21660.0,36.1
20949,60000,46500.0,77.5
20953,150000,89750.0,59.833333333333336
20954,100000,81797.40000000001,81.79740000000001
20956,100000,65200.0,65.2
20970,50000,27500.0,55.00000000000001
20971,50000,27500.0,55.00000000000001
20973,227290,172962.72,76.09781336618417
20974,224616,158530.71,70.5785473875414
20975,213920,178752.76,83.56056469708302
20976,206332,151593.89,73.47085764689918
20977,213287,144643.84000000003,67.816528902371
20978,290400,225903.68559999997,77.7905253443526
20979,267019,187434.634,70.19524228612944
20980,254448,161512.08000000002,63.475476325221656
20981,257034,159333.464,61.98925589610713
20982,208898,118959.422,56.94617564553036
20988,115662,60772.008,52.54276080302952
20989,305760,11586.96,3.7895604395604394
20990,255840,22034.34,8.612546904315197
20991,258090,959856.632,100.0
20992,370760,209688.7144,56.55645549681735
21019,85000,95093.0,100.0
21020,170000,193280.0,100.0
21022,250000,185094.0,74.0376
21023,250000,125732.0,50.29280000000001
21024,40000,45000.0,100.0
21025,90000,90185.0,100.0
21026,20000,10000.0,50.0
21079,100000,64636.0,64.63600000000001
21089,70000,22145.0,31.635714285714283
21099,92400,66125.0,71.56385281385282
21127,280000,138700.0,49.53571428571429
21167,250000,230456.0,92.1824
21181,35000,40950.0,100.0
21182,35000,33000.0,94.28571428571428
21196,75000,108000.0,100.0
21197,75000,108000.0,100.0
21203,30000,26360.0,87.86666666666667
21269,450000,277511.83119999996,61.66929582222222
21271,450000,253337.82279999997,56.29729395555555
21273,450000,193349.9082,42.96664626666667
21280,1600000,1097340.49,68.583780625
21281,600000,288002.8,48.00046666666666
21346,35000,50600.0,100.0
21347,100000,52300.0,52.300000000000004
21349,50000,32180.0,64.36
21350,60000,42750.0,71.25
21360,37500,88500.0,100.0
21366,100000,70317.0,70.317
21382,600000,246698.0,41.11633333333333
21413,50000,74000.0,100.0
21461,100000,121500.0,100.0
21485,110000,111030.0,100.0
21595,280000,54256.8,19.377428571428574
21596,436750,391362.5904,89.6079199542072
21596,436750,391362.5904,89.6079199542072
21597,410000,366298.522,89.34110292682927
21597,410000,366298.522,89.34110292682927
21598,429336,151546.2,35.29780870926268
21599,430056,12896.82,2.9988699146157707
21600,330204,25013.244000000002,7.5750881273394635
21601,226728,19435.6,8.572209872622702
21602,284616,7244.527999999999,2.545369199201731
21659,75000,63700.0,84.93333333333334
21660,75000,68000.0,90.66666666666666
21661,2800,3652.4,100.0
21662,2800,3198.2,100.0
21663,9375,10290.1,100.0
21680,150000,90101.0,60.06733333333333
21681,150000,63312.0,42.208
21684,230826,13477.5,5.838813651841647
21686,230826,147914.92199999996,64.08070234722257
21687,228344,21025.62,9.207870581228322
21688,230826,34621.587999999996,14.998998379731917
21695,358834,296725.41599999997,82.69155542674328
21696,199652,13134.821699999999,6.578858063029671
21697,221236,29790.8,13.465620423439223
21698,210970,163312.5456,77.41031691709722
21699,248216,171744.8248,69.19168176104684
21700,312968,14403.84,4.602336341095575
21701,164606,99000.0,60.14361566407057
21716,110000,114224.22,100.0
21728,300000,41400.0,13.8
21731,75000,62100.0,82.8
21732,75000,78750.0,100.0
21831,75000,76450.0,100.0
21834,80000,75000.0,93.75
21866,144000,117370.0,81.50694444444444
21882,300000,310900.0,100.0
21892,110000,21250.0,19.318181818181817
21907,85000,110020.0,100.0
21908,200000,288000.0,100.0
21931,600000,306600.0,51.1
21939,76000,48956.4,64.41631578947369
21940,100000,221334.2,100.0
21944,350000,203400.0,58.11428571428572
21945,500000,352000.0,70.39999999999999
21965,270000,87010.0,32.22592592592592
21966,290000,279000.0,96.20689655172414
21967,220000,147600.0,67.0909090909091
21968,500000,315000.0,63.0
21970,540000,477750.0,88.47222222222221
21971,280000,315900.0,100.0
21983,300000,157500.0,52.5
21988,400000,440500.0,100.0
21995,600000,203091.5,33.84858333333333
22004,600000,253000.0,42.16666666666667
22005,300000,300000.0,100.0
22007,300000,161217.0,53.739000000000004
22010,500000,270000.0,54.0
22023,75000,92885.0,100.0
22035,150000,76500.0,51.0
22068,125000,32500.0,26.0
22117,30000,17500.0,58.333333333333336
22118,40000,29700.0,74.25
22119,40000,18650.0,46.625
22124,120000,137990.0,100.0
22130,100000,56274.0,56.274
22133,180000,168075.0,93.375
22134,150000,140625.6,93.7504
22135,200000,42000.0,21.0
22173,150000,178100.0,100.0
22174,50000,63640.0,100.0
22182,44800,72000.0,100.0
22183,150000,59500.0,39.666666666666664
22184,150000,50400.0,33.6
22185,170000,66000.0,38.82352941176471
22235,110000,43978.399999999994,39.98036363636363
22236,110000,49533.649999999994,45.030590909090904
22237,110000,60137.9,54.670818181818184
22261,304800,220.0,0.0721784776902887
22262,280416,86186.1,30.735086442998977
22263,277368,24582.0,8.862594098814572
22265,350520,179815.112,51.29952984137852
22266,225552,259510.23,100.0
22267,176784,123316.162,69.75527310163815
22268,240792,38208.6432,15.867903917073656
22273,25000,9100.0,36.4
22304,165400,134880.0,81.5477629987908
22305,112000,57000.0,50.89285714285714
22306,50000,30000.0,60.0
22307,75000,31500.0,42.0
22318,50000,39144.3,78.2886
22325,30000,26500.0,88.33333333333333
22329,50000,37490.0,74.98
22330,90000,60840.0,67.60000000000001
22353,500000,304500.0,60.9
22354,500000,554500.0,100.0
22355,360000,211280.0,58.68888888888889
22369,50000,20300.0,40.6
22445,50000,32000.0,64.0
22446,50000,58740.0,100.0
22447,500000,455000.0,91.0
22448,75000,30600.0,40.8
22452,500000,288846.0,57.7692
22453,250000,197600.0,79.03999999999999
22456,1800000,1449557.15,80.53095277777777
22461,225000,177000.0,78.66666666666666
22461,225000,177000.0,78.66666666666666
22479,50000,15000.0,30.0
22500,200000,90936.0,45.467999999999996
22508,208000,240784.0,100.0
22510,137000,144803.4,100.0
22522,302049,39890.5,13.206632036523875
22526,93000,65000.0,69.89247311827957
22532,302049,39382.0,13.038281868173707
22533,375273,198156.0,52.80315930002958
22534,216621,95160.0,43.92925893611423
22535,275000,2295.0,0.8345454545454545
22536,302049,191061.0,63.25496856470308
22582,300000,324000.0,100.0
22588,400000,500000.0,100.0
22589,400000,297000.0,74.25
22590,250000,300000.0,100.0
22595,250000,164000.0,65.60000000000001
22612,50000,12757.5,25.515
22613,50000,14400.0,28.799999999999997
22623,301320,239455.13,79.46871432364264
22626,298215,234060.89,78.48729607833275
22636,252000,158002.55000000002,62.69942460317461
22650,40000,15780.0,39.45
22651,100000,35675.0,35.675000000000004
22657,370000,784000.0,100.0
22688,46000,36384.2,79.09608695652173
22689,60000,65272.5,100.0
22690,50000,64400.0,100.0
22702,100000,32000.0,32.0
22780,160500,138234.2,86.12722741433022
22780,160500,138234.2,86.12722741433022
22780,160500,138234.2,86.12722741433022
22802,175000,88355.0,50.488571428571426
22813,985776,752840.0,76.37029101946081
22815,80000,108500.0,100.0
22845,85000,66606.0,78.36
22893,85000,72150.0,84.88235294117648
22894,94997,70152.0,73.84654252239544
22895,110830,61158.0,55.1818099792475
22896,110830,73552.9,66.36551475232338
22898,110830,54571.75,49.23915004962555
22899,110830,92059.7,83.06388162049986
22900,110830,77042.3,69.51394026888028
22901,110830,81025.2,73.10764233510783
22908,100000,12000.0,12.0
22960,100000,30394.0,30.394
22961,100000,81544.98999999999,81.54499
22962,100000,61578.36,61.578359999999996
22963,100000,58813.759999999995,58.813759999999995
22964,100000,36584.12,36.584120000000006
22965,100000,40832.0,40.832
22990,560000,187000.0,33.39285714285714
23025,200000,42500.0,21.25
23028,50000,57500.0,100.0
23068,280000,210000.0,75.0
23069,280000,243800.0,87.07142857142857
23106,985776,752840.0,76.37029101946081
23108,320860,243452.796,75.87508446051238
23109,334010,223687.31000000003,66.97024340588605
23110,281410,214110.225,76.0847962048257
23111,284040,76679.45999999999,26.996007604562735
23120,199708,68275.02,34.18742363851223
23121,199708,46973.6,23.52114086566387
23122,199708,55802.159999999996,27.941875137701043
23123,199708,28299.012,14.17019448394656
23124,250700,264536.93,100.0
23125,257600,261209.18,100.0
23127,409400,296328.89,72.38126282364436
23128,409400,277421.18,67.76286761113825
23132,522100,461685.42000000004,88.42854242482284
23133,75000,70060.0,93.41333333333334
23134,496800,453811.27,91.34687399355877
23185,25000,8580.0,34.32
23191,414000,378698.45,91.47305555555556
23194,162435,119797.92999999998,73.75130359836241
23208,162435,133385.16999999998,82.11602794964139
23209,162435,151941.38,93.5398036137532
23211,135915,126392.93,92.99409925320971
23212,162435,133935.57,82.45487117924093
23213,148699,139328.04,93.69803428402344
23214,162435,155266.07,95.58658540339214
23215,175695,156030.51,88.8075983949458
23247,75000,84770.0,100.0
23260,650000,300000.0,46.15384615384615
23297,250000,110700.0,44.28
23298,600000,117600.0,19.6
23316,540302,140239.47,25.955756225222192
23317,160370,18628.8606,11.616175469227413
23318,87584,49226.079,56.20441975703324
23326,275000,85031.1,30.920400000000004
23326,275000,85031.1,30.920400000000004
23326,275000,85031.1,30.920400000000004
23327,275000,141201.6,51.34603636363636
23327,275000,141201.6,51.34603636363636
23327,275000,141201.6,51.34603636363636
23328,275000,135388.5,49.23218181818182
23328,275000,135388.5,49.23218181818182
23328,275000,135388.5,49.23218181818182
23329,275000,139617.0,50.76981818181818
23329,275000,139617.0,50.76981818181818
23329,275000,139617.0,50.76981818181818
23330,275000,138754.0,50.456
23330,275000,138754.0,50.456
23330,275000,138754.0,50.456
23331,275000,112306.0,40.838545454545454
23331,275000,112306.0,40.838545454545454
23331,275000,112306.0,40.838545454545454
23340,4500,3599.5,79.98888888888888
23341,4500,3753.5,83.41111111111111
23342,12000,9947.75,82.89791666666667
23359,300000,114358.4,38.11946666666666
23360,300000,31615.920000000002,10.538640000000001
23361,300000,310408.0,100.0
23362,300000,66285.75,22.09525
23371,490000,637904.632,100.0
23371,490000,637904.632,100.0
23377,25000,46710.0,100.0
23378,25000,50050.0,100.0
23379,247072,207996.42500000002,84.18453932456936
23380,194128,141451.24,72.86493447622186
23381,405904,317856.875,78.30838695849265
23382,317664,298985.409,94.12001643245694
23435,275000,101997.40000000001,37.089963636363635
23435,275000,101997.40000000001,37.089963636363635
23435,275000,101997.40000000001,37.089963636363635
23450,150000,46407.4,30.93826666666667
23451,150000,39604.25,26.40283333333333
23455,150000,26667.0,17.778
23529,300000,35641.0,11.880333333333333
23530,300000,95057.2,31.68573333333333
23531,280000,19271.73,6.882760714285714
23532,220000,42188.0,19.176363636363636
23561,75000,116500.0,100.0
23633,275000,94723.2,34.4448
23633,275000,94723.2,34.4448
23633,275000,94723.2,34.4448
23634,275000,104864.0,38.132363636363635
23634,275000,104864.0,38.132363636363635
23634,275000,104864.0,38.132363636363635
23654,525000,124410.0,23.697142857142858
23673,700000,331864.0,47.409142857142854
23685,275000,101880.0,37.04727272727273
23685,275000,101880.0,37.04727272727273
23685,275000,101880.0,37.04727272727273
23686,275000,58190.4,21.160145454545454
23686,275000,58190.4,21.160145454545454
23686,275000,58190.4,21.160145454545454
23699,180000,191726.065,100.0
23701,190000,230193.12280000004,100.0
23702,192500,220410.5925,100.0
23703,192000,204921.2373,100.0
23704,168000,186144.53819999998,100.0
23705,168000,173834.63949999996,100.0
23706,154000,173958.29799999998,100.0
23707,174000,172680.12,99.24144827586207
23708,174000,177661.1166,100.0
23709,164000,170371.792,100.0
23710,174000,189318.13679999998,100.0
23711,154000,150370.694,97.64330779220779
23732,377740,254126.49000000002,67.2755043151374
23733,324412,201435.83999999997,62.09259830092597
23734,277750,191144.31999999998,68.81883708370836
23735,277750,197620.2,71.15038703870388
23736,342188,190892.52,55.78586040422224
23737,295400,263078.8,89.05849695328368
23738,289800,243296.12000000002,83.95311249137337
23739,249200,152656.0,61.258426966292134
23740,289800,252195.18,87.02387163561076
23741,266000,227000.34,85.33847368421053
23742,295400,245713.26,83.1798442789438
23817,500000,150875.0,30.175
23823,275000,75112.0,27.313454545454547
23823,275000,75112.0,27.313454545454547
23823,275000,75112.0,27.313454545454547
23824,275000,27406.6,9.966036363636363
23824,275000,27406.6,9.966036363636363
23824,275000,27406.6,9.966036363636363
23826,275000,57075.200000000004,20.75461818181818
23826,275000,57075.200000000004,20.75461818181818
23826,275000,57075.200000000004,20.75461818181818
23839,58328,40504.0,69.44177753394595
23840,71008,58102.0,81.82458314556106
23841,71008,54990.3,77.44240085624156
23842,71008,53539.1,75.39868747183417
23843,71008,49892.9,70.2637730959892
23844,71008,55270.85,77.83749718341595
23846,71008,48875.8,68.83139927895449
23847,71008,68498.5,96.46589116719242
23848,71008,64610.2,90.99002929247408
23849,71008,45747.0,64.42513519603425
23850,93832,78397.7,83.55113394151249
23884,130000,24480.0,18.83076923076923
23889,500000,600000.0,100.0
23913,678180,879491.0,100.0
23941,606450,333587.0,55.00651331519498
23945,275000,75458.5,27.439454545454545
23945,275000,75458.5,27.439454545454545
23945,275000,75458.5,27.439454545454545
23976,456142,238936.08,52.38195123448399
23976,456142,238936.08,52.38195123448399
23977,456142,322076.24,70.60876656830548
23977,456142,322076.24,70.60876656830548
23978,456184,270049.45999999996,59.19748610209914
23978,456184,270049.45999999996,59.19748610209914
23979,222848,348473.84,100.0
23979,222848,348473.84,100.0
23980,285524,5540637.71,100.0
23980,285524,5540637.71,100.0
23991,300000,180.6,0.0602
24000,100000,88820.0,88.82
24003,50000,29035.0,58.07
24006,649827,881738.0,100.0
24007,501054,464760.0,92.75646936258367
24032,500000,270000.0,54.0
24039,325000,156522.51,48.16077230769231
24040,325000,153641.95,47.27444615384616
24041,325000,195073.43,60.022593846153846
24042,325000,300854.27999999997,92.57054769230768
24043,325000,186426.05,57.36186153846153
24044,325000,153563.24,47.25022769230769
24045,325000,180961.5,55.680461538461536
24046,325000,401619.73,100.0
24047,325000,232842.53999999998,71.64385846153846
24049,325000,347131.20000000007,100.0
24050,325000,141349.34,43.49210461538461
24051,325000,404606.07999999996,100.0
24052,263250,371759.77999999997,100.0
24053,325000,252000.48,77.53860923076923
24054,325000,428115.48,100.0
24071,300000,1039500.0,100.0
24086,337995,200156.25040000002,59.21870157842572
24087,331470,226257.099,68.25869580957551
24088,357570,186630.00939999998,52.19397863355426
24089,356265,436584.96560000005,100.0
24090,343215,229449.13619999998,66.85288702416852
24091,349740,257014.60940000002,73.48733613541488
24092,339300,221963.713,65.41812938402593
24093,343215,194716.4424,56.73308054717888
24102,9820,2083.2000000000003,21.213849287169044
24103,9820,5189.650000000001,52.84775967413442
24104,9820,5130.66,52.247046843177195
24105,9820,5492.59,55.932688391038695
24114,945828,763363.0,80.70843747488972
24153,100000,48329.3,48.3293
24154,100000,123730.0,100.0
24155,100000,102612.2,100.0
24165,777200,700834.0,90.17421513124036
24166,579040,521033.0,89.98221193699916
24168,400000,377000.0,94.25
24169,170000,64266.899999999994,37.80405882352941
24175,203000,187295.3,92.26369458128079
24178,340000,229500.0,67.5
24182,150000,64230.0,42.82
24190,130000,140108.02,100.0
24190,130000,140108.02,100.0
24190,130000,140108.02,100.0
24191,73200,120491.0,100.0
24193,51600,73287.2,100.0
24204,296348,78956.416,26.64314117186551
24205,278278,44526.54,16.00074026692732
24206,195156,115664.69,59.26781139191212
24207,242138,72507.81399999998,29.94483063377082
24218,800000,286000.0,35.75
24223,120000,60000.0,50.0
24235,100000,64000.0,64.0
24240,300000,270000.0,90.0
24257,154080,98490.0,63.92133956386294
24261,154080,87380.0,56.71079958463135
24272,200000,161000.0,80.5
24300,400000,279061.0,69.76525
24301,350000,292872.0,83.67771428571429
24303,200000,29200.2,14.6001
24303,200000,29200.2,14.6001
24303,200000,29200.2,14.6001
24304,275000,174796.3,63.562290909090905
24304,275000,174796.3,63.562290909090905
24304,275000,174796.3,63.562290909090905
24305,275000,37776.2,13.736799999999999
24305,275000,37776.2,13.736799999999999
24305,275000,37776.2,13.736799999999999
24307,275000,63216.87999999999,22.98795636363636
24307,275000,63216.87999999999,22.98795636363636
24307,275000,63216.87999999999,22.98795636363636
24308,275000,112242.90000000001,40.8156
24308,275000,112242.90000000001,40.8156
24308,275000,112242.90000000001,40.8156
24317,250000,195698.0,78.2792
24321,600000,308000.0,51.33333333333333
24331,520000,496000.0,95.38461538461539
24384,85000,39000.0,45.88235294117647
24394,90000,7668.0,8.52
24395,650000,566173.0,87.10353846153846
24396,700000,415721.6,59.388799999999996
24403,400000,332500.0,83.125
24409,72500,22320.0,30.786206896551725
24411,40000,61880.0,100.0
24420,300000,270400.0,90.13333333333333
24435,75000,39000.0,52.0
24444,400000,185500.0,46.375
24445,250000,324000.0,100.0
24446,40000,32410.0,81.025
24458,200000,225000.0,100.0
24475,47500,20130.0,42.37894736842105
24476,100000,74841.0,74.84100000000001
24477,125000,109620.0,87.696
24478,40000,56420.0,100.0
24480,40000,22568.0,56.42
24505,50000,45000.0,90.0
24506,250000,258307.0,100.0
24507,250000,242914.0,97.1656
24508,75000,134000.0,100.0
24509,75000,67000.0,89.33333333333333
24517,200000,142706.4,71.3532
24517,200000,142706.4,71.3532
24517,200000,142706.4,71.3532
24518,200000,130890.80000000002,65.4454
24518,200000,130890.80000000002,65.4454
24518,200000,130890.80000000002,65.4454
24519,200000,195754.35,97.87717500000001
24519,200000,195754.35,97.87717500000001
24519,200000,195754.35,97.87717500000001
24520,200000,175805.2,87.9026
24520,200000,175805.2,87.9026
24521,200000,200916.0,100.0
24521,200000,200916.0,100.0
24521,200000,200916.0,100.0
24522,200000,108775.743,54.387871499999996
24522,200000,108775.743,54.387871499999996
24522,200000,108775.743,54.387871499999996
24538,50000,28800.0,57.599999999999994
24541,451440,397143.71400000004,87.97264619883042
24542,516780,472139.53,91.36180386237858
24543,336700,233442.72599999997,69.33255895455895
24544,334800,340859.03900000005,100.0
24545,302400,366787.05,100.0
24546,280800,389275.75,100.0
24561,300000,88800.0,29.599999999999998
24569,129624,66083.148,50.980642473616
24570,145336,102520.2,70.54012770407883
24571,143372,86094.93750000001,60.05003592054238
24572,202292,126089.502,62.330444110493744
24573,94272,17014.5,18.04830702647658
24574,153192,87466.775,57.0961766932999
24575,231752,163617.35,70.60018899513273
24609,40000,17400.0,43.5
24622,160000,16000.0,10.0
24623,300000,261600.0,87.2
24632,400000,232500.0,58.12500000000001
24649,75000,90000.0,100.0
24650,69000,50500.0,73.18840579710145
24652,60000,48600.0,81.0
24666,674424,663590.0,98.39359216160753
24670,9820,2477.87,25.232892057026472
24671,9820,2646.0,26.945010183299388
24672,9820,2065.14,21.029938900203664
24673,9820,2991.36,30.461914460285133
24674,9820,3760.5,38.29429735234216
24685,95436,72751.0568,76.23020327758917
24686,97605,68412.987,70.09168280313509
24688,253773,197464.3616,77.81141476831657
24689,253773,197467.78100000002,77.8127621929835
24690,253773,187051.3864,73.70815114295058
24691,266787,215732.582,80.86322871804099
24692,247266,188379.605,76.18500117282603
24693,238590,186355.46,78.10698688126074
24694,232083,194381.97999999998,83.75537200053428
24695,232083,183083.8622,78.88723525635226
24701,568400,542731.0,95.48399014778325
24702,439635,404940.0,92.10822614214064
24703,415160,406710.0,97.96464013874169
24705,531024,439949.0,82.84917442526138
24738,200000,197753.6,98.8768
24738,200000,197753.6,98.8768
24739,200000,191062.3,95.53115
24739,200000,191062.3,95.53115
24740,225000,101264.38,45.006391111111114
24740,225000,101264.38,45.006391111111114
24741,225000,172472.6,76.65448888888889
24741,225000,172472.6,76.65448888888889
24742,200000,134033.9,67.01695
24742,200000,134033.9,67.01695
24743,200000,131523.21,65.761605
24743,200000,131523.21,65.761605
24761,527618,240396.86,45.56267223635281
24762,412776,325255.86,78.7971829757544
24763,379288,292080.12,77.00747716774589
24764,386204,318096.66,82.36493148698615
24765,393302,119207.31,30.309357694596013
24766,394394,323454.82,82.0131188608346
24767,208280,169840.12,81.5441328980219
24768,190290,46996.1,24.697093909296335
24769,180400,127923.7,70.91114190687361
24770,208280,126042.43,60.515858459765695
24771,226284,156222.92,69.03842958406251
24772,226284,168177.55,74.32145003623765
24773,226284,190869.8,84.34966679040498
24774,224208,183582.0,81.88021836865768
24775,224208,166138.39,74.10011685577679
24776,226284,184632.46,81.59324565590143
24777,226284,185059.9,81.78214102632091
24778,236664,178875.58,75.58208261501538
24804,100000,92800.0,92.80000000000001
24808,15000,16250.0,100.0
24814,372000,337893.51399999997,90.83158978494623
24815,327000,296796.46,90.76344342507646
24819,250000,275208.9,100.0
24834,327600,273261.384,83.41312087912088
24836,277488,192713.395,69.4492716802168
24846,175000,7410.0,4.234285714285714
24849,300000,304000.0,100.0
24881,225000,106705.4,47.42462222222222
24881,225000,106705.4,47.42462222222222
24882,225000,119576.8,53.14524444444445
24882,225000,119576.8,53.14524444444445
24883,225000,84018.0,37.34133333333333
24883,225000,84018.0,37.34133333333333
24884,225000,110991.1,49.329377777777786
24884,225000,110991.1,49.329377777777786
24885,225000,71478.0,31.768
24885,225000,71478.0,31.768
24886,100000,112450.0,100.0
24888,100000,113763.0,100.0
24889,440000,204059.66,46.37719545454546
24890,440000,210040.0,47.736363636363635
24891,427000,260187.0,60.93372365339579
24892,440000,281809.0,64.0475
24893,440000,244205.2,55.50118181818182
24894,440000,230463.39,52.37804318181819
24895,440000,184330.5,41.89329545454545
24946,75000,55540.0,74.05333333333334
24948,75000,79640.0,100.0
24949,67000,24400.0,36.417910447761194
24950,67000,37000.0,55.223880597014926
24952,390000,337250.0,86.47435897435898
24965,70000,94250.0,100.0
24966,70000,119400.0,100.0
24970,225000,83226.22,36.98943111111111
24970,225000,83226.22,36.98943111111111
24971,225000,44702.0,19.867555555555555
24971,225000,44702.0,19.867555555555555
24972,225000,70472.0,31.320888888888888
24972,225000,70472.0,31.320888888888888
24977,115000,32496.2,28.257565217391306
24980,175000,66949.17,38.25666857142857
24987,210000,200000.0,95.23809523809523
24994,50000,40000000.0,100.0
25019,300000,106648.72,35.549573333333335
25020,300000,113822.56,37.94085333333334
25021,300000,109682.48,36.560826666666664
25022,300000,101919.72,33.97324
25023,101644,105050.0,100.0
25024,107190,109935.0,100.0
25025,121482,125084.0,100.0
25049,192038,171014.092,89.05221466584739
25050,252329,169855.75,67.31519167436166
25051,270193,167538.72000000003,62.0070542168006
25052,275850,215474.64400000003,78.11297589269532
25053,264816,250805.664,94.70940728656878
25054,158154,141820.414,89.67235352883898
25072,50000,25800.0,51.6
25073,105000,90830.0,86.5047619047619
25074,300,166400.0,100.0
25077,216508,42608.012,19.679647865205908
25078,182020,2666.6879999999996,1.4650521920668058
25079,201180,16836.0,8.368625111840142
25080,262492,35850.4,13.657711473111561
25081,287400,8512.229,2.9618054975643697
25087,250000,180000.0,72.0
25088,75000,57100.0,76.13333333333333
25090,250000,144000.0,57.599999999999994
25091,600000,650200.0,100.0
25108,300000,144000.0,48.0
25130,449540,290758.6,64.67913867509009
25131,449540,319707.4,71.1187880944966
25132,471224,270006.36,57.29894063120724
25133,459548,231134.9,50.29613881466136
25134,449540,351974.1,78.29650309204965
25135,436424,201901.75,46.262751361061724
25136,436424,247748.79,56.767911480578526
25137,436424,238757.53,54.7076993932506
25138,436424,255207.65,58.47699714039558
25139,436424,256602.015,58.79649492236908
25140,501000,276281.67000000004,55.146041916167675
25141,501000,344032.33999999997,68.66912974051895
25142,501000,309753.21,61.8269880239521
25143,537209,326808.30000000005,60.83447969039983
25144,525299,312535.695,59.49672377065253
25145,522153,220380.0,42.20602007457585
25146,525299,361894.03,68.89296000944225
25148,551005,310041.17,56.268304280360425
25149,554190,434309.44,78.36832855157978
25150,551005,377266.99,68.46888685220642
25152,118000,62771.3,53.19601694915255
25181,185333,190691.2,100.0
25182,185333,254890.89,100.0
25183,185333,104104.42,56.1715506682566
25187,185333,100518.0,54.23642848278504
25189,185333,197282.5,100.0
25204,42000,45000.0,100.0
25205,42000,46200.0,100.0
25214,50000,50368.5,100.0
25217,75000,15615.0,20.82
25256,225000,37111.200000000004,16.49386666666667
25256,225000,37111.200000000004,16.49386666666667
25258,150000,60509.479999999996,40.33965333333333
25273,72000,52500.0,72.91666666666666
25274,96000,67200.0,70.0
25307,136368,36935.5,27.085166608001877
25308,136368,49372.5,36.20534142907427
25309,136368,46679.0,34.23017130118503
25310,136368,33397.2,24.490496304118267
25311,113640,36296.899999999994,31.94024991200281
25312,113640,27212.8,23.946497712073214
25313,113640,64906.0,57.115452305526226
25314,113640,34737.3,30.567845828933475
25315,88000,40000.0,45.45454545454545
25316,450000,230400.0,51.2
25333,201600,62980.24,31.240198412698412
25334,242666,128942.56999999999,53.1358204280781
25336,168000,132641.0,78.95297619047619
25338,218400,150998.14,69.13834249084249
25353,150000,144880.0,96.58666666666666
25360,204000,172859.97999999998,84.73528431372547
25361,204000,80932.06,39.67257843137254
25362,221000,70015.3,31.68113122171946
25375,36000,28663.65,79.62125
25376,36000,32256.7,89.60194444444444
25379,36000,36632.96,100.0
25381,100000,92160.0,92.16
25383,408000,381816.0,93.58235294117647
25383,408000,381816.0,93.58235294117647
25384,460460,423605.0,91.99604743083005
25384,460460,423605.0,91.99604743083005
25386,514800,452334.0,87.86596736596736
25386,514800,452334.0,87.86596736596736
25387,464000,334393.0,72.06745689655173
25388,300000,290400.0,96.8
25389,476680,401559.0,84.24079046739952
25389,476680,401559.0,84.24079046739952
25391,100000,85974.5,85.97449999999999
25394,185890,195048.0,100.0
25395,350460,247926.0,70.74302345488786
25395,350460,247926.0,70.74302345488786
25411,125000,41220.4,32.97632
25412,340000,234000.0,68.82352941176471
25419,282000,289110.6,100.0
25440,45000,32400.0,72.0
25441,51000,29120.0,57.09803921568627
25442,45000,21700.0,48.22222222222222
25443,40000,17270.0,43.175000000000004
25444,40000,20736.0,51.839999999999996
25445,80000,15480.0,19.35
25546,125000,85995.0,68.796
25547,45600,28380.0,62.23684210526316
25551,80000,19800.0,24.75
25552,45000,25920.0,57.599999999999994
25553,45000,16000.0,35.55555555555556
25567,167625,60064.2,35.83248322147651
25577,37500,6136.0,16.362666666666666
25578,35500,9440.0,26.591549295774648
25579,25500,7500.0,29.411764705882355
25580,25500,7740.0,30.352941176470587
25581,25500,4800.0,18.823529411764707
25582,25500,7250.0,28.431372549019606
25584,105000,112477.0,100.0
25585,32000,13920.0,43.5
25586,32000,10800.0,33.75
25599,306935,245640.0,80.02997377294867
25601,341360,247498.0,72.50351535036326
25602,312455,302618.0,96.85170664575699
25603,264920,249918.0,94.33715838743771
25613,60000,64400.0,100.0
25617,386400,198087.0,51.264751552795026
25619,306000,185932.0,60.76209150326798
25620,306000,260366.40000000002,85.08705882352942
25621,306000,218446.8,71.3878431372549
25622,306000,210444.12,68.77258823529412
25637,310000,247876.0,79.96
25649,42500,17700.0,41.647058823529406
25692,467433,400208.0,85.61825972920182
25692,467433,400208.0,85.61825972920182
25693,410121,216243.0,52.726634334745114
25694,336802,169862.0,50.43378602264832
25706,350000,48174.0,13.764000000000001
25707,350000,78519.6,22.43417142857143
25708,350000,66278.6,18.936742857142857
25881,500000,81792.0,16.3584
25890,121011,5509.05,4.552520018841263
25895,103629,26506.0,25.577782281021722
25896,123134,46544.25,37.79967352640213
25897,122493,96500.05,78.78005273770746
25898,122493,24980.114999999998,20.39309593201244
25901,199562,10926.9,5.475441216263617
25920,225000,37027.200000000004,16.456533333333333
25945,300000,188000.0,62.66666666666667
25967,225000,77959.2,34.64853333333333
25968,225000,34133.4,15.1704
25976,80000,42720.0,53.400000000000006
25977,50000,33000.0,66.0
25999,45000,65150.0,100.0
26008,75720,56084.24,74.06793449550977
26048,50000,40258.0,80.516
26049,50000,32720.0,65.44
26050,35000,15000.0,42.857142857142854
26051,100000,135270.0,100.0
26052,50000,66125.0,100.0
26053,35000,38760.0,100.0
26056,107641,27440.0,25.492145186313763
26056,107641,27440.0,25.492145186313763
26057,149502,204538.51,100.0
26057,149502,204538.51,100.0
26058,148007,163139.43,100.0
26058,148007,163139.43,100.0
26059,134551,23387.100000000002,17.38158765077926
26059,134551,23387.100000000002,17.38158765077926
26060,140532,159695.54,100.0
26060,140532,159695.54,100.0
26061,109136,107955.16,98.91801055563701
26061,109136,107955.16,98.91801055563701
26062,110631,116892.9,100.0
26062,110631,116892.9,100.0
26093,100000,53960.0,53.959999999999994
26110,150000,68320.0,45.54666666666667
26153,500000,230400.0,46.08
26165,58000,44000.0,75.86206896551724
26166,58000,38340.0,66.10344827586206
26175,50000,39840.0,79.67999999999999
26176,40000,31440.0,78.60000000000001
26177,55000,49600.0,90.18181818181819
26178,300000,264520.0,88.17333333333333
26180,50000,47350.0,94.69999999999999
26215,50000,22500.0,45.0
26216,50000,78650.0,100.0
26218,150000,90258.90000000001,60.17260000000001
26219,150000,75991.3,50.66086666666667
26220,150000,97200.0,64.8
26221,150000,70417.40000000001,46.94493333333334
26238,499800,378043.79650000005,75.6390149059624
26239,499800,476573.718,95.35288475390156
26240,499800,456324.816,91.3014837935174
26241,499800,438546.294,87.74435654261704
26242,499800,414176.382,82.8684237695078
26243,501500,430444.532,85.83141216350947
26244,501500,368228.067,73.42533738783649
26245,499800,365662.80199999997,73.16182513005202
26246,499800,429178.161,85.86998019207684
26247,499800,388906.78550000006,77.81248209283714
26248,500800,381689.8229999999,76.21601896964854
26249,499200,331577.66699999996,66.42180829326922
26250,500800,374870.2475,74.85428264776358
26251,500800,331012.52150000003,66.09674950079872
26252,500800,378664.51399999997,75.61192372204472
26253,500400,211384.152,42.24303597122302
26254,500400,183878.09999999998,36.74622302158273
26255,500400,298704.88,59.69322142286171
26256,500400,352870.87200000003,70.51776019184653
26257,500400,242773.3935,48.51586600719425
26258,499800,436143.38399999996,87.26358223289314
26422,150000,91336.92,60.89128
26436,150000,70251.84,46.834559999999996
26438,150000,47272.68,31.515120000000003
26440,150000,109305.0,72.87
26445,375000,475666.2158,100.0
26446,375000,530462.8333,100.0
26447,375000,386768.55600000004,100.0
26448,375000,583252.215,100.0
26449,375000,446050.94629999995,100.0
26450,375000,514391.08209999994,100.0
26475,276012,165413.4,59.92978566149297
26476,369096,12900464.0,100.0
26477,369096,222208.2,60.20336172703037
26479,369096,232280.15,62.93217753646747
26480,361251,222127.885,61.4885176788438
26481,328779,166134.15000000002,50.53064520544196
26482,174537,116749.0,66.89068793436348
26483,170478,88629.425,51.98877567780007
26491,375000,492244.3949000001,100.0
26509,96000,2331.0,2.428125
26510,380886,240591.1,63.16617045520182
26511,380886,263341.58999999997,69.13921488319339
26512,380886,213324.0,56.007309273640935
26513,385264,204780.0,53.15316250674862
26514,372130,290485.05,78.06009996506596
26515,400376,335495.9,83.79520750494535
26516,303100,271210.2,89.47878587924778
26551,50000,44040.0,88.08
26552,50000,81000.0,100.0
26560,250000,181500.0,72.6
26561,250000,177540.0,71.016
26567,309134,167349.55,54.13495442106012
26568,239470,90398.1,37.749237900363305
26569,239470,196959.0,82.24788073662673
26570,70000,74010.0,100.0
26571,70000,29588.35,42.26907142857142
26574,50000,49548.0,99.09599999999999
26580,300000,278400.0,92.80000000000001
26599,500000,216000.0,43.2
26653,290000,123500.0,42.58620689655173
26682,1200000,729447.5,60.78729166666667
26682,1200000,729447.5,60.78729166666667
26683,1200000,402485.895,33.54049125
26683,1200000,402485.895,33.54049125
26684,1080000,374617.85,34.68683796296296
26684,1080000,374617.85,34.68683796296296
26687,75000,67500.0,90.0
26690,75000,82500.0,100.0
26775,120000,15000.0,12.5
26798,42500,15288.0,35.97176470588235
26808,750000,245944.0,32.79253333333333
26809,300000,158052.5,52.68416666666666
26818,36000,18500.0,51.388888888888886
26845,102400,32926.0,32.154296875
26859,125000,47985.0,38.388
26894,300000,233200.0,77.73333333333333
26913,200000,200000.0,100.0
26914,500000,600000.0,100.0
26945,100000,24931.2,24.9312
26981,50000,38080.0,76.16000000000001
27000,250000,92640.0,37.056
27003,160000,32000.0,20.0
27014,400000,281883.26,70.470815
27016,400000,292877.0,73.21925
27018,400000,340688.0,85.172
27019,270000,28900.0,10.703703703703704
27020,140000,14700.0,10.5
27023,200000,65096.0,32.548
27036,70000,37196.0,53.13714285714286
27045,330000,220900.0,66.93939393939394
27048,1300000,360000.0,27.692307692307693
27082,65000,68356.99,100.0
27083,55000,60250.47,100.0
27084,65000,73611.71500000001,100.0
27085,55000,47669.049999999996,86.67099999999999
27086,450000,796296.0,100.0
27087,450000,459489.15,100.0
27088,450000,444072.35000000003,98.68274444444445
27089,450000,422075.0,93.79444444444445
27090,450000,400178.1,88.92846666666667
27091,450000,440208.6,97.82413333333334
27092,450000,424485.08,94.33001777777778
27093,450000,447429.5,99.42877777777778
27094,450000,432260.98,96.05799555555555
27095,450000,435366.75,96.74816666666666
27096,450000,739880.8,100.0
27098,439000,420596.4,95.80783599088839
27099,439000,423025.25,96.36110478359909
27100,439000,394142.0,89.78177676537585
27101,483390,423874.5,87.68789176441383
27102,483390,435328.95,90.05750015515423
27103,479460,413440.0,86.23034246861052
27104,484176,431040.0,89.02547833845543
27105,484176,406970.2,84.05418690724035
27106,484176,423208.8,87.40804996530187
27107,484955,424561.4,87.54655586600819
27108,485460,411412.5,84.74694104560623
27109,484911,427766.0,88.21536323160333
27146,160000,90739.15,56.71196875
27147,140000,165433.5,100.0
27148,105000,60951.75,58.049285714285716
27149,70000,52566.5,75.095
27150,80000,56651.200000000004,70.81400000000001
27151,120000,47940.0,39.95
27152,112500,62443.2,55.50506666666667
27153,112500,70473.5,62.64311111111112
27164,401604,199631.13,49.70845160904772
27165,397506,292487.83999999997,73.58073588826332
27166,184410,89861.95999999999,48.72943983514993
27167,184722,129340.52,70.01901235369907
27168,184722,108277.30000000002,58.61635322268057
27169,150313,78945.34,52.520633611197965
27170,184722,139576.44,75.56026894468445
27171,184722,118490.4,64.14525611459382
27172,184722,105789.21,57.26941566245494
27173,201021,97204.01999999999,48.35515692390347
27184,200000,98586.0,49.293
27185,200000,275634.0,100.0
27186,200000,42666.0,21.333
27187,200000,61410.0,30.705
27188,200000,71480.0,35.74
27189,200000,156910.0,78.455
27190,200000,171304.0,85.652
27205,125000,160954.0,100.0
27227,50000,57540.0,100.0
27228,50000,58100.0,100.0
27242,250000,393300.0,100.0
27254,25500,9100.0,35.68627450980392
27255,51000,10080.0,19.76470588235294
27271,40000,28794.0,71.985
27282,27500,22854.82,83.10843636363636
27283,27500,19256.5,70.02363636363637
27284,27500,21006.44,76.38705454545453
27285,27500,27282.64,99.2096
27294,263120,298000.36,100.0
27295,263120,262536.2,99.77812404986318
27296,263120,294116.94,100.0
27297,263120,298101.33,100.0
27298,263120,288988.23,100.0
27299,263120,296028.7,100.0
27300,296000,299635.69,100.0
27301,296000,286585.9,96.81956081081083
27302,296000,286230.08,96.69935135135135
27303,296000,293757.82,99.24250675675675
27304,296000,277318.54000000004,93.68869594594595
27305,296000,300680.14,100.0
27325,100000,74000.0,74.0
27326,100000,161250.0,100.0
27327,150000,155570.0,100.0
27328,82000,69500.0,84.7560975609756
27330,600000,350000.0,58.333333333333336
27381,50000,20000.0,40.0
27384,75000,59550.0,79.4
27386,50000,49400.0,98.8
27387,50000,54050.0,100.0
27413,375000,460241.41949999996,100.0
27414,375000,617602.9359,100.0
27415,375000,443594.13190000004,100.0
27416,375000,628041.0377,100.0
27428,270000,278050.0,100.0
27440,420000,175015.0,41.67023809523809
27455,90000,74374.20000000001,82.638
27461,125000,140225.0,100.0
27486,270000,256100.0,94.85185185185185
27512,150000,101100.0,67.4
27544,80000,62000.0,77.5
27549,85435,55440.0404,64.89148522268391
27550,61025,48207.681000000004,78.99660958623515
27551,48820,33532.5375,68.68606616140926
27552,100000,84247.04,84.24704
27553,100000,61750.0,61.75000000000001
27555,170000,105705.0,62.17941176470588
27556,500000,433553.0,86.7106
27557,100000,111343.0,100.0
27558,100000,95200.0,95.19999999999999
27559,150000,130908.0,87.272
27560,100000,146150.0,100.0
27563,34000,11600.0,34.11764705882353
27579,73850,67868.87999999999,91.90098849018278
27582,174000,65238.5,37.4933908045977
27583,174000,63116.26,36.27371264367817
27584,100000,66703.06,66.70306000000001
27604,70000,58755.0,83.93571428571428
27605,100000,112980.1,100.0
27609,250000,97000.0,38.800000000000004
27611,80000,24500.0,30.625000000000004
27612,40000,25000.0,62.5
27650,100000,41647.5,41.6475
27655,200000,110400.0,55.2
27656,503500,454722.6058,90.312334816286
27657,462425,417603.6054,90.30731586743796
27670,75000,68000.0,90.66666666666666
27672,60000,66350.0,100.0
27688,60000,120800.0,100.0
27689,60000,64900.0,100.0
27690,45000,35200.0,78.22222222222223
27691,45000,28000.0,62.22222222222222
27692,45000,19200.0,42.66666666666667
27694,325000,606882.54,100.0
27694,325000,606882.54,100.0
27695,325000,178050.40000000002,54.784738461538474
27696,325000,650154.9,100.0
27696,325000,650154.9,100.0
27697,325000,531579.05,100.0
27697,325000,531579.05,100.0
27698,325000,493530.24,100.0
27698,325000,493530.24,100.0
27699,325000,350616.0,100.0
27699,325000,350616.0,100.0
27700,325000,253360.8,77.95716923076922
27701,325000,188257.24,57.92530461538461
27702,325000,360.0,0.11076923076923079
27703,325000,330678.88399999996,100.0
27703,325000,330678.88399999996,100.0
27704,325000,700116.0800000001,100.0
27704,325000,700116.0800000001,100.0
27705,325000,521863.29999999993,100.0
27705,325000,521863.29999999993,100.0
27706,263250,4269510.4,100.0
27706,263250,4269510.4,100.0
27707,325000,535458.9,100.0
27707,325000,535458.9,100.0
27708,325000,480046.32,100.0
27708,325000,480046.32,100.0
27720,80000,53200.0,66.5
27728,60000,17780.0,29.633333333333333
27729,60000,50073.399999999994,83.45566666666666
27730,30000,30000.0,100.0
27748,50000,69000.0,100.0
27754,358124,284106.075,79.33176078676661
27755,332280,295131.326,88.82006921873119
27756,332280,294928.014,88.75888226796678
27757,424580,362047.59,85.27193697300862
27758,413504,647663.64,100.0
27760,336330,234710.658,69.78582285255553
27762,303000,18414.899999999998,6.077524752475247
27763,480998,296892.55,61.72427951883376
27764,299108,198375.316,66.3223036495179
27766,303150,74817.84,24.680138545274616
27767,311234,224024.0,71.97928246913897
27773,300000,319000.0,100.0
27797,140000,118724.0,84.80285714285715
27799,350000,304320.0,86.94857142857143
27804,100000,126400.0,100.0
27880,133640,123062.5,92.08507931756958
27881,262140,221315.0,84.42626077668422
27882,262140,394135.0,100.0
27885,30716,29245.7,95.21324391196771
27886,304966,274971.0,90.16447735157361
27888,30000,22500.0,75.0
27891,50000,28500.0,56.99999999999999
27892,100000,131400.0,100.0
27893,400000,422000.0,100.0
27901,50000,21800.0,43.6
27902,100000,58050.0,58.050000000000004
27903,100000,72500.0,72.5
27904,30000,14000.0,46.666666666666664
27905,20000,4000.0,20.0
27906,30000,18750.0,62.5
27959,100000,75648.0,75.64800000000001
27960,110000,70422.0,64.02
27964,75000,29750.0,39.666666666666664
27972,516030,369446.0,71.59389957948181
27974,136154,55356.740000000005,40.657446714749476
27975,123586,60882.46000000001,49.26323369960999
27976,117302,54529.33,46.486274743823635
27977,171764,80185.96,46.68379870054261
27978,30000,20000.0,66.66666666666666
27998,722206,380688.0,52.71183014264628
28010,813888,425002.0,52.21873279861603
28035,50000,45650.0,91.3
28038,40000,50000.0,100.0
28054,67000,12000.0,17.91044776119403
28055,67000,49000.0,73.13432835820896
28063,124735,91557.6984,73.40177047340362
28064,156086,153231.69759999998,98.1713270889125
28065,156086,165173.24959999998,100.0
28066,156086,148080.77039999998,94.87126994092999
28067,156086,158784.94019999998,100.0
28068,198665,141236.5894,71.09283940301513
28069,198665,154898.0172,77.96945471019052
28070,200128,157588.00419999997,78.74360619203708
28071,200128,152126.012,76.01435681164055
28072,200128,145727.6582,72.81722607531181
28073,200126,161927.54499999998,80.91279743761429
28074,200128,150901.45260000002,75.4024687200192
28075,200126,164703.1598,82.29973106942626
28076,200128,160685.36179999998,80.29129447153821
28211,497448,181764.0,36.5392965696917
28280,237300,157896.0,66.5385587863464
28281,294000,218700.0,74.38775510204081
28285,791076,180050.0,22.760139354499444
28289,25000,20000.0,80.0
28292,40000,39000.0,97.5
28304,40000,28244.0,70.61
28305,40000,57000.0,100.0
28306,40000,28496.0,71.24000000000001
28313,100000,88000.0,88.0
28314,50000,45000.0,90.0
28315,50000,24750.0,49.5
28318,75000,52000.0,69.33333333333334
28395,506200,175015.0,34.57427894112999
28396,200000,252000.0,100.0
28408,442350,175000.0,39.56143325421046
28454,30000,32000.0,100.0
28476,120000,27469.6,22.891333333333332
28477,180000,46690.4,25.939111111111114
28492,70000,28770.0,41.099999999999994
28493,60000,24428.0,40.71333333333334
28500,50000,66715.0,100.0
28521,70000,45500.0,65.0
28528,80000,60480.0,75.6
28601,50000,37500.0,75.0
28602,50000,24000.0,48.0
28603,40000,38000.0,95.0
28604,50000,52000.0,100.0
28605,80000,31500.0,39.375
28606,50000,60000.0,100.0
28607,200000,308000.0,100.0
28608,200000,196800.0,98.4
28609,50000,51100.0,100.0
28611,75000,55000.0,73.33333333333333
28612,27000,25000.0,92.5925925925926
28656,60000,33000.0,55.00000000000001
28657,60000,51700.0,86.16666666666667
28718,85000,83100.0,97.76470588235294
28719,120000,71154.0,59.294999999999995
28721,75000,45000.0,60.0
28723,125000,171074.0,100.0
28724,100000,95700.0,95.7
28726,122400,77700.0,63.48039215686274
28766,50000,57120.0,100.0
28778,7500,15000.0,100.0
28791,50000,21330.0,42.66
28792,50000,37450.0,74.9
28793,50000,57600.0,100.0
28808,1400000,632861.0,45.20435714285714
28834,380000,281040.0,73.9578947368421
28835,400000,269038.58,67.259645
28843,3500,3135.1,89.57428571428571
28844,3500,3528.35,100.0
28845,10500,6584.299999999999,62.70761904761905
28852,250000,145095.0,58.038000000000004
28869,60000,54000.0,90.0
28881,75000,24000.0,32.0
28922,362738,214500.0,59.13358953294113
28929,60000,24300.0,40.5
28943,287147,276742.98,96.37676172831337
28946,452540,174986.0,38.66752110310691
28947,601725,252012.0,41.88159042752088
29099,333500,309077.55,92.67692653673163
29100,333500,308281.93,92.43835982008996
29101,333500,306360.96,91.8623568215892
29102,287500,297950.27999999997,100.0
29103,290000,280264.82,96.64304137931035
29104,342900,319010.14999999997,93.03299795858851
29105,211000,209717.61,99.39223222748814
29107,250000,254858.1,100.0
29108,250000,242683.1,97.07324
29109,277500,279158.55,100.0
29110,277500,282108.4,100.0
29111,110000,53200.0,48.36363636363637
29124,20000,28500.0,100.0
29130,40000,14014000.0,100.0
29132,100000,15000.0,15.0
29212,118180,143429.35,100.0
29213,130240,40125.0,30.80850737100737
29215,118180,149489.24,100.0
29216,118180,31678.100000000002,26.80495853782366
29221,50000,25000.0,50.0
29223,50000,41500.0,83.0
29244,113000,103600.5,91.68185840707964
29263,60000,70400.0,100.0
29264,50000,12000.0,24.0
29265,70000,91135.0,100.0
29311,50000,22000.0,44.0
29358,50000,46503.119999999995,93.00623999999999
29393,50000,56280.0,100.0
29438,40000,24000.0,60.0
29450,195000,104000.0,53.333333333333336
29451,150000,156250.0,100.0
29452,150000,148500.0,99.0
29513,50000,32500.0,65.0
29518,40000,46200.0,100.0
29557,150000,9000.0,6.0
29579,50000,47959.0,95.918
29597,400000,187500.0,46.875
29619,70000,137250.0,100.0
29659,75000,12000.0,16.0
29679,26671,32187.0,100.0
29873,125000,88230.0,70.584
29874,125000,46305.0,37.044
